video,frame,imagem,rede1,rede2,rede3
-,-,CIMRL10-676_OK--PIDF-1 PO MRL-021_parte1.mpg FRAME 12168.jpg,Duto,Evento,Anodo
-,-,CIMRL10-676_OK--PIDF-1 PO MRL-021_parte1.mpg FRAME 157762.jpg,Duto,Evento,Sucata
-,-,CIMRL10-676_OK--PIDF-1 PO MRL-021_parte1.mpg FRAME 157852.jpg,Duto,Evento,Sucata
-,-,CIMRL10-676_OK--PIDF-1 PO MRL-021_parte1.mpg FRAME 160819.jpg,Duto,Evento,Sucata
-,-,CIMRL10-676_OK--PIDF-1 PO MRL-021_parte1.mpg FRAME 161029.jpg,Duto,Evento,Sucata
-,-,CIMRL10-676_OK--PIDF-1 PO MRL-021_parte1.mpg FRAME 24456.jpg,Duto,Evento,Flange
-,-,CIMRL10-676_OK--PIDF-1 PO MRL-021_parte1.mpg FRAME 29610.jpg,Duto,Duvida,-
-,-,CIMRL10-676_OK--PIDF-1 PO MRL-021_parte1.mpg FRAME 37073.jpg,Duto,Evento,Conector
-,-,CIMRL10-676_OK--PIDF-1 PO MRL-021_parte1.mpg FRAME 41359.jpg,Duto,Evento,Conector
-,-,CIMRL10-676_OK--PIDF-1 PO MRL-021_parte1.mpg FRAME 42677.jpg,Duto,Evento,Conector
-,-,CIMRL10-676_OK--PIDF-1 PO MRL-021_parte1.mpg FRAME 44086.jpg,Duto,Evento,Conector
-,-,CIMRL10-676_OK--PIDF-1 PO MRL-021_parte1.mpg FRAME 44865.jpg,Duto,Evento,Conector
-,-,CIMRL10-676_OK--PIDF-1 PO MRL-021_parte1.mpg FRAME 5425.jpg,Duto,Evento,Conector
-,-,CIMRL10-676_OK--PIDF-1 PO MRL-021_parte1.mpg FRAME 55984.jpg,Duto,Evento,Flange
-,-,CIMRL10-676_OK--PIDF-1 PO MRL-021_parte1.mpg FRAME 58292.jpg,Duto,Evento,Flange
-,-,CIMRL10-676_OK--PIDF-1 PO MRL-021_parte1.mpg FRAME 58861.jpg,Duto,Evento,Flange
-,-,CIMRL10-676_OK--PIDF-1 PO MRL-021_parte1.mpg FRAME 60749.jpg,Duto,Evento,Flange
-,-,CIMRL10-676_OK--PIDF-1 PO MRL-021_parte1.mpg FRAME 61558.jpg,Duto,Evento,Flange
-,-,CIMRL10-676_OK--PIDF-1 PO MRL-021_parte1.mpg FRAME 66593.jpg,Duto,Duvida,-
-,-,CIMRL10-676_OK--PIDF-1 PO MRL-021_parte2.mpg FRAME 13187.jpg,Duto,Evento,Anodo
-,-,CIMRL10-676_OK--PIDF-1 PO MRL-021_parte2.mpg FRAME 160849.jpg,Duto,Evento,Flange
-,-,CIMRL10-676_OK--PIDF-1 PO MRL-021_parte2.mpg FRAME 213447.jpg,Duto,Evento,Anodo
-,-,CIMRL10-676_OK--PIDF-1 PO MRL-021_parte2.mpg FRAME 214016.jpg,Duto,Evento,Anodo
-,-,CIMRL10-676_OK--PIDF-1 PO MRL-021_parte2.mpg FRAME 215964.jpg,Duto,Evento,Enterramento
-,-,CIMRL10-676_OK--PIDF-1 PO MRL-021_parte2.mpg FRAME 69770.jpg,Duto,Evento,Sucata
-,-,CIMRL10-676_OK--PIDF-1 PO MRL-021_parte2.mpg FRAME 81818.jpg,Duto,Evento,Flange
-,-,CIMRL10-676_OK--PIDF-1 PO MRL-021_parte2.mpg FRAME 83257.jpg,Duto,Evento,Flange
-,-,F0A-DVD2940-1--PIDF-1 IA P-56 - MLS-161 01 de 02.wmv FRAME 11775.jpg,Duto,Evento,Flange
-,-,F0A-DVD2940-1--PIDF-1 IA P-56 - MLS-161 01 de 02.wmv FRAME 15000.jpg,Duto,Evento,Flutuadores
-,-,F0A-DVD2940-1--PIDF-1 IA P-56 - MLS-161 01 de 02.wmv FRAME 17050.jpg,Duto,Evento,Flange
-,-,F0A-DVD2940-1--PIDF-1 IA P-56 - MLS-161 01 de 02.wmv FRAME 174000.jpg,Duto,Nao_Evento,-
-,-,F0A-DVD2940-1--PIDF-1 IA P-56 - MLS-161 01 de 02.wmv FRAME 18725.jpg,Duto,Evento,Flange
-,-,F0A-DVD2940-1--PIDF-1 IA P-56 - MLS-161 01 de 02.wmv FRAME 20275.jpg,Duto,Evento,Flange
-,-,F0A-DVD2940-1--PIDF-1 IA P-56 - MLS-161 01 de 02.wmv FRAME 212300.jpg,Duto,Nao_Evento,-
-,-,F0A-DVD2940-1--PIDF-1 IA P-56 - MLS-161 01 de 02.wmv FRAME 235525.jpg,Duto,Evento,Sucata
-,-,F0A-DVD2940-1--PIDF-1 IA P-56 - MLS-161 01 de 02.wmv FRAME 24100.jpg,Duto,Evento,Flutuadores
-,-,F0A-DVD2940-1--PIDF-1 IA P-56 - MLS-161 01 de 02.wmv FRAME 32500.jpg,Duto,Evento,Anodo
-,-,F0A-DVD2940-1--PIDF-1 IA P-56 - MLS-161 01 de 02.wmv FRAME 33475.jpg,Duto,Evento,Anodo
-,-,F0A-DVD2940-1--PIDF-1 IA P-56 - MLS-161 01 de 02.wmv FRAME 6725.jpg,Duto,Evento,Flange
-,-,F0A-DVD2940-1--PIDF-1 IA P-56 - MLS-161 01 de 02.wmv FRAME 85525.jpg,Duto,Nao_Evento,-
-,-,F0A-DVD2940-2--PIDF-1 IA P-56 - MLS-161 02 de 02.wmv FRAME 179625.jpg,Duto,Evento,Cruzamento
-,-,F0A-DVD2940-2--PIDF-1 IA P-56 - MLS-161 02 de 02.wmv FRAME 22850.jpg,Duto,Evento,Anodo
-,-,F0A-DVD2940-2--PIDF-1 IA P-56 - MLS-161 02 de 02.wmv FRAME 27300.jpg,Duto,Evento,Anodo
-,-,F0A-DVD2940-2--PIDF-1 IA P-56 - MLS-161 02 de 02.wmv FRAME 32900.jpg,Duto,Evento,Flange
-,-,F0A-DVD2940-2--PIDF-1 IA P-56 - MLS-161 02 de 02.wmv FRAME 343150.jpg,Duto,Evento,Anodo
-,-,F0A-DVD2940-2--PIDF-1 IA P-56 - MLS-161 02 de 02.wmv FRAME 345200.jpg,Duto,Evento,Anodo
-,-,F0A-DVD2940-2--PIDF-1 IA P-56 - MLS-161 02 de 02.wmv FRAME 36875.jpg,Duto,Evento,Flange
-,-,F0A-DVD2940-2--PIDF-1 IA P-56 - MLS-161 02 de 02.wmv FRAME 93400.jpg,Duto,Nao_Evento,-
-,-,F0A-DVD3645--OS-1252-2012.wmv FRAME 117210.jpg,Duto,Evento,Dano
-,-,F0A-DVD3645--OS-1252-2012.wmv FRAME 118740.jpg,Duto,Evento,Dano
-,-,F0A-DVD3645--OS-1252-2012.wmv FRAME 127800.jpg,Duto,Evento,Dano
-,-,F0A-DVD3645--OS-1252-2012.wmv FRAME 131790.jpg,Duto,Evento,Dano
-,-,F0A-DVD3645--OS-1252-2012.wmv FRAME 136530.jpg,Duto,Evento,Dano
-,-,F0A-DVD3645--OS-1252-2012.wmv FRAME 137190.jpg,Duto,Evento,Dano
-,-,F0A-DVD3645--OS-1252-2012.wmv FRAME 137610.jpg,Duto,Evento,Dano
-,-,F0A-DVD3645--OS-1252-2012.wmv FRAME 139320.jpg,Duto,Evento,Dano
-,-,F0A-DVD3645--OS-1252-2012.wmv FRAME 139380.jpg,Duto,Evento,Dano
-,-,F0A-DVD3645--OS-1252-2012.wmv FRAME 151080.jpg,Duto,Evento,Dano
-,-,F0A-DVD3645--OS-1252-2012.wmv FRAME 151230.jpg,Duto,Evento,Dano
-,-,F0A-DVD3645--OS-1252-2012.wmv FRAME 151470.jpg,Duto,Evento,Dano
-,-,F0A-DVD3645--OS-1252-2012.wmv FRAME 31410.jpg,Duto,Evento,Enterramento
-,-,F0A-DVD3645--OS-1252-2012.wmv FRAME 37230.jpg,Duto,Evento,Enterramento
-,-,F0A-DVD3645--OS-1252-2012.wmv FRAME 61710.jpg,Duto,Nao_Evento,-
-,-,F0A-DVD3645--OS-1252-2012.wmv FRAME 73890.jpg,Duto,Evento,Enterramento
-,-,F0A-DVD3867-1--VTS_01_1.VOB FRAME 110889.jpg,Duto,Evento,Dano
-,-,F0A-DVD3867-1--VTS_01_1.VOB FRAME 111039.jpg,Duto,Evento,Dano
-,-,F0A-DVD3867-1--VTS_01_1.VOB FRAME 111908.jpg,Duto,Evento,Dano
-,-,F0A-DVD3867-1--VTS_01_1.VOB FRAME 115355.jpg,Duto,Evento,Dano
-,-,F0A-DVD3867-1--VTS_01_1.VOB FRAME 11568.jpg,Duto,Evento,Flutuadores
-,-,F0A-DVD3867-1--VTS_01_1.VOB FRAME 116883.jpg,Duto,Evento,Dano
-,-,F0A-DVD3867-1--VTS_01_1.VOB FRAME 117812.jpg,Duto,Evento,Dano
-,-,F0A-DVD3867-1--VTS_01_1.VOB FRAME 118172.jpg,Duto,Evento,Dano
-,-,F0A-DVD3867-1--VTS_01_1.VOB FRAME 12498.jpg,Duto,Evento,Flutuadores
-,-,F0A-DVD3867-1--VTS_01_1.VOB FRAME 131149.jpg,Duto,Evento,Dano
-,-,F0A-DVD3867-1--VTS_01_1.VOB FRAME 136633.jpg,Duto,Evento,Enterramento
-,-,F0A-DVD3867-1--VTS_01_1.VOB FRAME 15465.jpg,Duto,Evento,Flutuadores
-,-,F0A-DVD3867-1--VTS_01_1.VOB FRAME 18971.jpg,Duto,Evento,Sucata
-,-,F0A-DVD3867-1--VTS_01_1.VOB FRAME 21129.jpg,Duto,Evento,Flutuadores
-,-,F0A-DVD3867-1--VTS_01_1.VOB FRAME 33207.jpg,Duto,Evento,Dano
-,-,F0A-DVD3867-1--VTS_01_1.VOB FRAME 34286.jpg,Duto,Evento,Loop
-,-,F0A-DVD3867-1--VTS_01_1.VOB FRAME 35514.jpg,Duto,Evento,Flutuadores
-,-,F0A-DVD3867-1--VTS_01_1.VOB FRAME 36593.jpg,Duto,Evento,Enterramento
-,-,F0A-DVD3867-1--VTS_01_1.VOB FRAME 37163.jpg,Duto,Evento,Enterramento
-,-,F0A-DVD3867-1--VTS_01_1.VOB FRAME 39201.jpg,Duto,Evento,Dano
-,-,F0A-DVD3867-1--VTS_01_1.VOB FRAME 39441.jpg,Duto,Nao_Evento,-
-,-,F0A-DVD3867-1--VTS_01_1.VOB FRAME 39770.jpg,Duto,Evento,Dano
-,-,F0A-DVD3867-1--VTS_01_1.VOB FRAME 45584.jpg,Duto,Evento,Dano
-,-,F0A-DVD3867-1--VTS_01_1.VOB FRAME 48042.jpg,Duto,Evento,Dano
-,-,F0A-DVD3867-1--VTS_01_1.VOB FRAME 5335.jpg,Duto,Evento,Flange
-,-,F0A-DVD3867-1--VTS_01_1.VOB FRAME 55654.jpg,Duto,Evento,Sucata
-,-,F0A-DVD3867-1--VTS_01_1.VOB FRAME 56553.jpg,Duto,Evento,Sucata
-,-,F0A-DVD3867-1--VTS_01_1.VOB FRAME 58292.jpg,Duto,Evento,Enterramento
-,-,F0A-DVD3867-1--VTS_01_1.VOB FRAME 59191.jpg,Duto,Evento,Enterramento
-,-,F0A-DVD3867-1--VTS_01_1.VOB FRAME 60240.jpg,Duto,Evento,Enterramento
-,-,F0A-DVD3867-1--VTS_01_1.VOB FRAME 63177.jpg,Duto,Evento,Enterramento
-,-,F0A-DVD3867-1--VTS_01_1.VOB FRAME 71329.jpg,Duto,Evento,Enterramento
-,-,F0A-DVD3867-1--VTS_01_1.VOB FRAME 73606.jpg,Duto,Evento,Enterramento
-,-,F0A-DVD3867-1--VTS_01_1.VOB FRAME 82118.jpg,Duto,Evento,Enterramento
-,-,F0A-DVD3867-1--VTS_01_1.VOB FRAME 83467.jpg,Duto,Nao_Evento,-
-,-,F0A-DVD3867-1--VTS_01_1.VOB FRAME 8631.jpg,Duto,Evento,Anodo
-,-,F0A-DVD3867-1--VTS_01_1.VOB FRAME 91109.jpg,Duto,Evento,Dano
-,-,F0A-DVD3867-1--VTS_01_1.VOB FRAME 99021.jpg,Duto,Evento,Dano
-,-,F0A-DVD3867-1--VTS_01_2.VOB FRAME 103906.jpg,Duto,Evento,Dano
-,-,F0A-DVD3867-1--VTS_01_2.VOB FRAME 103996.jpg,Duto,Evento,Dano
-,-,F0A-DVD3867-1--VTS_01_2.VOB FRAME 108671.jpg,Duto,Evento,Dano
-,-,F0A-DVD3867-1--VTS_01_2.VOB FRAME 108971.jpg,Duto,Evento,Dano
-,-,F0A-DVD3867-1--VTS_01_2.VOB FRAME 112837.jpg,Duto,Evento,Dano
-,-,F0A-DVD3867-1--VTS_01_2.VOB FRAME 115744.jpg,Duto,Evento,Dano
-,-,F0A-DVD3867-1--VTS_01_2.VOB FRAME 117632.jpg,Duto,Nao_Evento,-
-,-,F0A-DVD3867-1--VTS_01_2.VOB FRAME 1319.jpg,Duto,Evento,Dano
-,-,F0A-DVD3867-1--VTS_01_2.VOB FRAME 18012.jpg,Duto,Evento,Dano
-,-,F0A-DVD3867-1--VTS_01_2.VOB FRAME 19990.jpg,Duto,Evento,Dano
-,-,F0A-DVD3867-1--VTS_01_2.VOB FRAME 22208.jpg,Duto,Evento,Dano
-,-,F0A-DVD3867-1--VTS_01_2.VOB FRAME 23107.jpg,Duto,Evento,Dano
-,-,F0A-DVD3867-1--VTS_01_2.VOB FRAME 30300.jpg,Duto,Evento,Dano
-,-,F0A-DVD3867-1--VTS_01_2.VOB FRAME 33027.jpg,Duto,Evento,Dano
-,-,F0A-DVD3867-1--VTS_01_2.VOB FRAME 3596.jpg,Duto,Evento,Dano
-,-,F0A-DVD3867-1--VTS_01_2.VOB FRAME 39081.jpg,Duto,Evento,Dano
-,-,F0A-DVD3867-1--VTS_01_2.VOB FRAME 42917.jpg,Duto,Evento,Dano
-,-,F0A-DVD3867-1--VTS_01_2.VOB FRAME 50260.jpg,Duto,Evento,Dano
-,-,F0A-DVD3867-1--VTS_01_2.VOB FRAME 51518.jpg,Duto,Evento,Dano
-,-,F0A-DVD3867-1--VTS_01_2.VOB FRAME 53796.jpg,Duto,Evento,Dano
-,-,F0A-DVD3867-1--VTS_01_2.VOB FRAME 5395.jpg,Duto,Evento,Dano
-,-,F0A-DVD3867-1--VTS_01_2.VOB FRAME 54456.jpg,Duto,Evento,Dano
-,-,F0A-DVD3867-1--VTS_01_2.VOB FRAME 5814.jpg,Duto,Evento,Dano
-,-,F0A-DVD3867-1--VTS_01_2.VOB FRAME 58681.jpg,Duto,Evento,Dano
-,-,F0A-DVD3867-1--VTS_01_2.VOB FRAME 59730.jpg,Duto,Evento,Dano
-,-,F0A-DVD3867-1--VTS_01_2.VOB FRAME 5994.jpg,Duto,Evento,Dano
-,-,F0A-DVD3867-1--VTS_01_2.VOB FRAME 78132.jpg,Duto,Evento,Dano
-,-,F0A-DVD3867-1--VTS_01_2.VOB FRAME 84336.jpg,Duto,Evento,Dano
-,-,F0A-DVD3867-1--VTS_01_2.VOB FRAME 86973.jpg,Duto,Evento,Dano
-,-,F0A-DVD3867-1--VTS_01_2.VOB FRAME 87483.jpg,Duto,Duvida,-
-,-,F0A-DVD3867-1--VTS_01_2.VOB FRAME 87812.jpg,Duto,Nao_Evento,-
-,-,F0A-DVD3867-1--VTS_01_2.VOB FRAME 88112.jpg,Duto,Evento,Dano
-,-,F0A-DVD3867-1--VTS_01_2.VOB FRAME 92338.jpg,Duto,Evento,Dano
-,-,F0A-DVD3867-1--VTS_01_2.VOB FRAME 95664.jpg,Duto,Evento,Dano
-,-,F0A-DVD3867-1--VTS_01_2.VOB FRAME 9620.jpg,Duto,Evento,Dano
-,-,F0A-DVD3867-1--VTS_01_2.VOB FRAME 9650.jpg,Duto,Evento,Dano
-,-,F0A-DVD3867-1--VTS_01_2.VOB FRAME 96803.jpg,Duto,Evento,Dano
-,-,F0A-DVD3867-1--VTS_01_2.VOB FRAME 97283.jpg,Duto,Evento,Dano
-,-,F0A-DVD3867-1--VTS_01_2.VOB FRAME 97852.jpg,Duto,Evento,Dano
-,-,F0A-DVD3867-1--VTS_01_3.VOB FRAME 105435.jpg,Duto,Evento,Enterramento
-,-,F0A-DVD3867-1--VTS_01_3.VOB FRAME 108941.jpg,Duto,Evento,Enterramento
-,-,F0A-DVD3867-1--VTS_01_3.VOB FRAME 134865.jpg,Duto,Nao_Evento,-
-,-,F0A-DVD3867-1--VTS_01_3.VOB FRAME 41988.jpg,Duto,Evento,Enterramento
-,-,F0A-DVD3867-1--VTS_01_3.VOB FRAME 42887.jpg,Duto,Evento,Enterramento
-,-,F0A-DVD3867-1--VTS_01_3.VOB FRAME 43936.jpg,Duto,Evento,Enterramento
-,-,F0A-DVD3867-1--VTS_01_3.VOB FRAME 45914.jpg,Duto,Evento,Enterramento
-,-,F0A-DVD3867-1--VTS_01_3.VOB FRAME 46513.jpg,Duto,Evento,Enterramento
-,-,F0A-DVD3867-1--VTS_01_3.VOB FRAME 47413.jpg,Duto,Evento,Enterramento
-,-,F0A-DVD3867-1--VTS_01_3.VOB FRAME 49690.jpg,Duto,Evento,Enterramento
-,-,F0A-DVD3867-1--VTS_01_3.VOB FRAME 50410.jpg,Duto,Evento,Enterramento
-,-,F0A-DVD3867-1--VTS_01_3.VOB FRAME 50859.jpg,Duto,Evento,Enterramento
-,-,F0A-DVD3867-1--VTS_01_3.VOB FRAME 53946.jpg,Duto,Evento,Enterramento
-,-,F0A-DVD3867-1--VTS_01_3.VOB FRAME 55564.jpg,Duto,Evento,Enterramento
-,-,F0A-DVD3867-1--VTS_01_3.VOB FRAME 56134.jpg,Duto,Evento,Enterramento
-,-,F0A-DVD3867-1--VTS_01_3.VOB FRAME 58142.jpg,Duto,Evento,Enterramento
-,-,F0A-DVD3867-1--VTS_01_3.VOB FRAME 60509.jpg,Duto,Evento,Enterramento
-,-,F0A-DVD3867-1--VTS_01_3.VOB FRAME 62458.jpg,Duto,Evento,Enterramento
-,-,F0A-DVD3867-1--VTS_01_4.VOB FRAME 100100.jpg,Duto,Evento,Enterramento
-,-,F0A-DVD3867-1--VTS_01_4.VOB FRAME 115534.jpg,Duto,Evento,Enterramento
-,-,F0A-DVD3867-1--VTS_01_4.VOB FRAME 23706.jpg,Nada,-,-
-,-,F0A-DVD3867-1--VTS_01_4.VOB FRAME 24096.jpg,Duto,Evento,Enterramento
-,-,F0A-DVD3867-1--VTS_01_4.VOB FRAME 2787.jpg,Duto,Evento,Dano
-,-,F0A-DVD3867-1--VTS_01_4.VOB FRAME 88112.jpg,Duto,Evento,Enterramento
-,-,F0A-DVD3867-1--VTS_01_4.VOB FRAME 89730.jpg,Duto,Evento,Enterramento
-,-,F0A-DVD3867-1--VTS_01_4.VOB FRAME 99381.jpg,Duto,Evento,Enterramento
-,-,F0A-DVD3867-1--VTS_01_5.VOB FRAME 78971.jpg,Duto,Evento,Enterramento
-,-,F0A-DVD3867-1--VTS_01_5.VOB FRAME 79121.jpg,Duto,Duvida,-
-,-,F0A-DVD3867-1--VTS_01_5.VOB FRAME 96593.jpg,Duto,Evento,Flange
-,-,F0A-DVD3867-2--VTS_01_1.VOB FRAME 18761.jpg,Duto,Evento,Flange
-,-,F0A-DVD3867-2--VTS_01_1.VOB FRAME 59041.jpg,Duto,Evento,Flange
-,-,F0A-DVD3867-2--VTS_01_1.VOB FRAME 66713.jpg,Duto,Evento,Flange
-,-,F0A-DVD3867-2--VTS_01_1.VOB FRAME 85684.jpg,Duto,Evento,Flange
-,-,F0A-DVD3867-2--VTS_01_1.VOB FRAME 86553.jpg,Duto,Evento,Flange
-,-,F0A-DVD3867-2--VTS_01_1.VOB FRAME 86823.jpg,Duto,Evento,Flange
-,-,F0A-DVD3867-2--VTS_01_1.VOB FRAME 87363.jpg,Duto,Evento,Anodo
-,-,F0A-DVD3867-2--VTS_01_1.VOB FRAME 90450.jpg,Duto,Evento,Flange
-,-,F0A-DVD3867-2--VTS_01_1.VOB FRAME 91169.jpg,Duto,Evento,Anodo
-,-,F0A-DVD3867-2--VTS_01_2.VOB FRAME 51938.jpg,Duto,Nao_Evento,-
-,-,F0A-DVD3867-2--VTS_01_2.VOB FRAME 72468.jpg,Duto,Evento,Enterramento
-,-,F0A-DVD3867-2--VTS_01_2.VOB FRAME 73277.jpg,Duto,Evento,Enterramento
-,-,F0A-DVD3867-2--VTS_01_2.VOB FRAME 90420.jpg,Duto,Evento,Enterramento
-,-,F0A-DVD3867-2--VTS_01_2.VOB FRAME 93447.jpg,Duto,Evento,Enterramento
-,-,F0A-DVD3867-2--VTS_01_2.VOB FRAME 95634.jpg,Duto,Evento,Enterramento
-,-,F0A-DVD3867-2--VTS_02_1.VOB FRAME 110020.jpg,Duto,Evento,Enterramento
-,-,F0A-DVD3867-2--VTS_02_1.VOB FRAME 110799.jpg,Duto,Evento,Enterramento
-,-,F0A-DVD3867-2--VTS_02_1.VOB FRAME 34705.jpg,Duto,Evento,Enterramento
-,-,F0A-DVD3867-2--VTS_02_1.VOB FRAME 57992.jpg,Duto,Evento,Enterramento
-,-,F0A-DVD3867-2--VTS_02_1.VOB FRAME 58172.jpg,Duto,Evento,Enterramento
-,-,F0A-DVD3867-2--VTS_02_1.VOB FRAME 59520.jpg,Duto,Evento,Enterramento
-,-,F0A-DVD3867-2--VTS_02_1.VOB FRAME 61499.jpg,Duto,Evento,Enterramento
-,-,F0A-DVD3867-2--VTS_02_2.VOB FRAME 101958.jpg,Duto,Evento,Flange
-,-,F0A-DVD3867-2--VTS_02_2.VOB FRAME 112028.jpg,Duto,Evento,Flange
-,-,F0A-DVD3867-2--VTS_02_2.VOB FRAME 121109.jpg,Duto,Evento,Anodo
-,-,F0A-DVD3867-2--VTS_02_2.VOB FRAME 52867.jpg,Duto,Evento,Flange
-,-,F0A-DVD3867-2--VTS_02_2.VOB FRAME 54246.jpg,Duto,Evento,Flange
-,-,F0A-DVD3867-2--VTS_02_2.VOB FRAME 64106.jpg,Duto,Evento,Flange
-,-,F0A-DVD3867-2--VTS_02_2.VOB FRAME 70759.jpg,Duto,Evento,Flange
-,-,F0A-DVD3867-2--VTS_02_2.VOB FRAME 80949.jpg,Duto,Evento,Flange
-,-,F0A-DVD3867-3--VTS_01_1.VOB FRAME 29640.jpg,Duto,Evento,Reparo
-,-,F0A-DVD3867-3--VTS_01_1.VOB FRAME 3027.jpg,Duto,Evento,Reparo
-,-,F0A-DVD3867-3--VTS_01_3.VOB FRAME 119880.jpg,Duto,Evento,Enterramento
-,-,F0A-DVD3867-3--VTS_01_3.VOB FRAME 120599.jpg,Duto,Evento,Enterramento
-,-,F0A-DVD3867-3--VTS_01_3.VOB FRAME 121289.jpg,Duto,Evento,Enterramento
-,-,F0A-DVD3867-3--VTS_01_3.VOB FRAME 93566.jpg,Duto,Evento,Enterramento
-,-,F0A-DVD3867-3--VTS_01_3.VOB FRAME 95844.jpg,Duto,Evento,Enterramento
-,-,F0A-DVD3867-3--VTS_01_3.VOB FRAME 97942.jpg,Nada,-,-
-,-,F0A-DVD3867-3--VTS_01_4.VOB FRAME 110320.jpg,Duto,Evento,Flange
-,-,F0A-DVD3867-3--VTS_01_4.VOB FRAME 110410.jpg,Duto,Evento,Flange
-,-,F0A-DVD3867-3--VTS_01_4.VOB FRAME 121678.jpg,Duto,Evento,Flange
-,-,F0A-DVD3867-3--VTS_01_4.VOB FRAME 122338.jpg,Duto,Evento,Flange
-,-,F0A-DVD3867-3--VTS_01_4.VOB FRAME 127403.jpg,Duto,Evento,Flange
-,-,F0A-DVD3867-3--VTS_01_4.VOB FRAME 130430.jpg,Duto,Evento,Flange
-,-,F0A-DVD3867-3--VTS_01_4.VOB FRAME 131329.jpg,Duto,Evento,Flange
-,-,F0A-DVD3867-3--VTS_01_4.VOB FRAME 133397.jpg,Duto,Evento,Enterramento
-,-,F0A-DVD3867-3--VTS_01_4.VOB FRAME 135734.jpg,Duto,Evento,Flange
-,-,F0A-DVD3867-3--VTS_01_4.VOB FRAME 38032.jpg,Duto,Evento,Enterramento
-,-,F0A-DVD3867-3--VTS_01_4.VOB FRAME 64136.jpg,Duto,Evento,Enterramento
-,-,F0A-DVD3867-3--VTS_01_4.VOB FRAME 67522.jpg,Duto,Evento,Anodo
-,-,F0A-DVD3867-3--VTS_01_4.VOB FRAME 71419.jpg,Duto,Evento,Flange
-,-,F0A-DVD3867-3--VTS_01_5.VOB FRAME 5035.jpg,Duto,Evento,Anodo
-,-,F0A-DVD3867-3--VTS_01_5.VOB FRAME 6384.jpg,Duto,Evento,Flange
-,-,F0A-DVD3867-3--VTS_01_5.VOB FRAME 6803.jpg,Duto,Evento,Flange
-,-,F0A-DVD3867-3--VTS_01_5.VOB FRAME 8062.jpg,Nada,-,-
-,-,F0A-DVD3867-3--VTS_02_1.VOB FRAME 12378.jpg,Duto,Evento,Dano
-,-,F0A-DVD3867-3--VTS_02_1.VOB FRAME 13067.jpg,Duto,Evento,Dano
-,-,F0A-DVD3867-3--VTS_02_1.VOB FRAME 14805.jpg,Duto,Evento,Enterramento
-,-,F0A-DVD3867-3--VTS_02_1.VOB FRAME 15345.jpg,Duto,Evento,Dano
-,-,F0A-DVD3867-3--VTS_02_1.VOB FRAME 19121.jpg,Duto,Evento,Dano
-,-,F0A-DVD3867-3--VTS_02_1.VOB FRAME 21429.jpg,Duto,Evento,Dano
-,-,F0A-DVD3867-3--VTS_02_1.VOB FRAME 22208.jpg,Duto,Evento,Dano
-,-,F0A-DVD3867-3--VTS_02_1.VOB FRAME 28891.jpg,Duto,Evento,Dano
-,-,F0A-DVD3867-3--VTS_02_1.VOB FRAME 35395.jpg,Duto,Evento,Dano
-,-,F0A-DVD3867-3--VTS_02_1.VOB FRAME 36444.jpg,Duto,Evento,Dano
-,-,F0A-DVD3867-3--VTS_02_1.VOB FRAME 37702.jpg,Duto,Evento,Dano
-,-,F0A-DVD3867-3--VTS_02_1.VOB FRAME 41628.jpg,Duto,Evento,Dano
-,-,F0A-DVD3867-3--VTS_02_1.VOB FRAME 42767.jpg,Duto,Evento,Dano
-,-,F0A-DVD3867-3--VTS_02_1.VOB FRAME 77892.jpg,Duto,Evento,Dano
-,-,F0A-DVD3867-3--VTS_02_1.VOB FRAME 82657.jpg,Duto,Evento,Dano
-,-,F0A-DVD3867-3--VTS_02_1.VOB FRAME 83227.jpg,Duto,Evento,Dano
-,-,F0A-DVD3867-3--VTS_02_1.VOB FRAME 85864.jpg,Duto,Evento,Dano
-,-,F0A-DVD3867-3--VTS_02_1.VOB FRAME 90.jpg,Duto,Evento,Dano
-,-,F0B-OS-1545-1699-2728--05-01-10 OS-1699-2009 PIDF-2 UH P-33 - MRL-127_3.MPG FRAME 8000.jpg,Duto,Evento,Sucata
-,-,F0B-OS-1545-1699-2728--05-01-10 OS-1699-2009 PIDF-2 UH P-33 - MRL-127_5.MPG FRAME 10000.jpg,Duto,Evento,Sucata
-,-,F0B-OS-1545-1699-2728--05-01-10 OS-1699-2009 PIDF-2 UH P-33 - MRL-127_5.MPG FRAME 9775.jpg,Duto,Evento,Sucata
-,-,F0B-OS-1545-1699-2728--05-01-10 OS-1699-2009 PIDF-2 UH P-33 - MRL-127_7.MPG FRAME 8325.jpg,Duto,Evento,Dano
-,-,F0B-OS-1545-1699-2728--05-01-10 OS-1699-2009 PIDF-2 UH P-33 - MRL-127_8.MPG FRAME 1025.jpg,Duto,Evento,Dano
-,-,F0B-OS-1545-1699-2728--05-01-10 OS-1699-2009 PIDF-2 UH P-33 - MRL-127_8.MPG FRAME 1500.jpg,Duto,Evento,Dano
-,-,F0B-OS-1545-1699-2728--07-11-2009 OS-1545-2009 inspecaoNoDano.mpg FRAME 3250.jpg,Confuso,-,-
-,-,F0B-OS-1545-1699-2728--07-11-2009 OS-1545-2009 inspecaoNoDano.mpg FRAME 4200.jpg,Confuso,-,-
-,-,F0B-OS-1545-1699-2728--07-11-2009 OS-1545-2009 inspecaoNoDano.mpg FRAME 5400.jpg,Confuso,-,-
-,-,F0B-OS-1545-1699-2728--07-11-2009 OS-1545-2009 inspecaoNoDano.mpg FRAME 6775.jpg,Confuso,-,-
-,-,F0B-OS-1545-1699-2728--18-02-10 OS-2728 PIDF1 do GL MSP-MA-01 X P-08 part.1.wmv FRAME 10425.jpg,Duto,Evento,Sucata
-,-,F0B-OS-1545-1699-2728--18-02-10 OS-2728 PIDF1 do GL MSP-MA-01 X P-08 part.1.wmv FRAME 114000.jpg,Duto,Evento,Enterramento
-,-,F0B-OS-1545-1699-2728--18-02-10 OS-2728 PIDF1 do GL MSP-MA-01 X P-08 part.1.wmv FRAME 114050.jpg,Duto,Evento,Enterramento
-,-,F0B-OS-1545-1699-2728--18-02-10 OS-2728 PIDF1 do GL MSP-MA-01 X P-08 part.1.wmv FRAME 129625.jpg,Duto,Evento,Enterramento
-,-,F0B-OS-1545-1699-2728--18-02-10 OS-2728 PIDF1 do GL MSP-MA-01 X P-08 part.1.wmv FRAME 142775.jpg,Duto,Evento,Enterramento
-,-,F0B-OS-1545-1699-2728--18-02-10 OS-2728 PIDF1 do GL MSP-MA-01 X P-08 part.1.wmv FRAME 158525.jpg,Duto,Evento,Enterramento
-,-,F0B-OS-1545-1699-2728--18-02-10 OS-2728 PIDF1 do GL MSP-MA-01 X P-08 part.1.wmv FRAME 171875.jpg,Duto,Evento,Enterramento
-,-,F0B-OS-1545-1699-2728--18-02-10 OS-2728 PIDF1 do GL MSP-MA-01 X P-08 part.1.wmv FRAME 177300.jpg,Duto,Evento,Enterramento
-,-,F0B-OS-1545-1699-2728--18-02-10 OS-2728 PIDF1 do GL MSP-MA-01 X P-08 part.1.wmv FRAME 39500.jpg,Duto,Evento,Enterramento
-,-,F0B-OS-1545-1699-2728--18-02-10 OS-2728 PIDF1 do GL MSP-MA-01 X P-08 part.1.wmv FRAME 46800.jpg,Duto,Evento,Enterramento
-,-,F0B-OS-1545-1699-2728--18-02-10 OS-2728 PIDF1 do GL MSP-MA-01 X P-08 part.1.wmv FRAME 59900.jpg,Duto,Evento,Enterramento
-,-,F0B-OS-1545-1699-2728--18-02-10 OS-2728 PIDF1 do GL MSP-MA-01 X P-08 part.1.wmv FRAME 8350.jpg,Duto,Evento,Flutuadores
-,-,F0B-OS-1545-1699-2728--18-02-10 OS-2728 PIDF1 do GL MSP-MA-01 X P-08 part.1.wmv FRAME 84325.jpg,Duto,Evento,Enterramento
-,-,F0B-OS-1545-1699-2728--18-02-10 OS-2728 PIDF1 do GL MSP-MA-01 X P-08 part.2.wmv FRAME 106800.jpg,Duto,Evento,Enterramento
-,-,F0B-OS-1545-1699-2728--18-02-10 OS-2728 PIDF1 do GL MSP-MA-01 X P-08 part.2.wmv FRAME 139100.jpg,Duto,Evento,Enterramento
-,-,F0B-OS-1545-1699-2728--18-02-10 OS-2728 PIDF1 do GL MSP-MA-01 X P-08 part.2.wmv FRAME 164750.jpg,Duto,Evento,Enterramento
-,-,F0B-OS-1545-1699-2728--18-02-10 OS-2728 PIDF1 do GL MSP-MA-01 X P-08 part.2.wmv FRAME 168375.jpg,Duto,Evento,Enterramento
-,-,F0B-OS-1545-1699-2728--18-02-10 OS-2728 PIDF1 do GL MSP-MA-01 X P-08 part.2.wmv FRAME 49900.jpg,Duto,Evento,Enterramento
-,-,F0B-OS-1545-1699-2728--18-02-10 OS-2728 PIDF1 do GL MSP-MA-01 X P-08 part.2.wmv FRAME 81675.jpg,Duto,Evento,Enterramento
-,-,F0B-OS-1545-1699-2728--18-02-10 OS-2728 PIDF1 do GL MSP-MA-01 X P-08 part.3.wmv FRAME 114150.jpg,Duto,Evento,Enterramento
-,-,F0B-OS-1545-1699-2728--18-02-10 OS-2728 PIDF1 do GL MSP-MA-01 X P-08 part.3.wmv FRAME 131575.jpg,Duto,Evento,Enterramento
-,-,F0B-OS-1545-1699-2728--18-02-10 OS-2728 PIDF1 do GL MSP-MA-01 X P-08 part.3.wmv FRAME 169475.jpg,Duto,Evento,Enterramento
-,-,F0B-OS-1545-1699-2728--18-02-10 OS-2728 PIDF1 do GL MSP-MA-01 X P-08 part.3.wmv FRAME 181975.jpg,Duto,Evento,Sucata
-,-,F0B-OS-1545-1699-2728--18-02-10 OS-2728 PIDF1 do GL MSP-MA-01 X P-08 part.3.wmv FRAME 50250.jpg,Duto,Evento,Loop
-,-,F0B-OS-1545-1699-2728--18-02-10 OS-2728 PIDF1 do GL MSP-MA-01 X P-08 part.3.wmv FRAME 51425.jpg,Duto,Evento,Loop
-,-,F0B-OS-1545-1699-2728--18-02-10 OS-2728 PIDF1 do GL MSP-MA-01 X P-08 part.3.wmv FRAME 52375.jpg,Duto,Evento,Loop
-,-,F0B-OS-1545-1699-2728--18-02-10 OS-2728 PIDF1 do GL MSP-MA-01 X P-08 part.3.wmv FRAME 52500.jpg,Duto,Evento,Loop
-,-,F0B-OS-1545-1699-2728--18-02-10 OS-2728 PIDF1 do GL MSP-MA-01 X P-08 part.3.wmv FRAME 65875.jpg,Duto,Evento,Loop
-,-,F0B-OS-1545-1699-2728--18-02-10 OS-2728 PIDF1 do GL MSP-MA-01 X P-08 part.3.wmv FRAME 68275.jpg,Duto,Evento,Loop
-,-,F0B-OS-1545-1699-2728--18-02-10 OS-2728 PIDF1 do GL MSP-MA-01 X P-08 part.3.wmv FRAME 68950.jpg,Duto,Evento,Loop
-,-,F0B-OS-1545-1699-2728--18-02-10 OS-2728 PIDF1 do GL MSP-MA-01 X P-08 part.3.wmv FRAME 9175.jpg,Duto,Evento,Reparo
-,-,F0B-OS-1545-1699-2728--18-02-10 OS-2728 PIDF1 do GL MSP-MA-01 X P-08 part.4.wmv FRAME 59400.jpg,Duto,Evento,Flange
-,-,F0B-OS-1545-1699-2728--18-02-10 OS-2728 PIDF1 do GL MSP-MA-01 X P-08 part.4.wmv FRAME 6750.jpg,Duto,Evento,Enterramento
-,-,F0B-PIDF-12--PIDF-1 IG PRM-002_DVD 1.mpg FRAME 100699.jpg,Duto,Evento,Enterramento
-,-,F0B-PIDF-12--PIDF-1 IG PRM-002_DVD 1.mpg FRAME 109031.jpg,Duto,Evento,Enterramento
-,-,F0B-PIDF-12--PIDF-1 IG PRM-002_DVD 1.mpg FRAME 120030.jpg,Duto,Evento,Enterramento
-,-,F0B-PIDF-12--PIDF-1 IG PRM-002_DVD 1.mpg FRAME 133966.jpg,Duto,Evento,Enterramento
-,-,F0B-PIDF-12--PIDF-1 IG PRM-002_DVD 1.mpg FRAME 141938.jpg,Duto,Evento,Enterramento
-,-,F0B-PIDF-12--PIDF-1 IG PRM-002_DVD 1.mpg FRAME 159530.jpg,Duto,Evento,Enterramento
-,-,F0B-PIDF-12--PIDF-1 IG PRM-002_DVD 1.mpg FRAME 160460.jpg,Duto,Evento,Enterramento
-,-,F0B-PIDF-12--PIDF-1 IG PRM-002_DVD 1.mpg FRAME 162168.jpg,Duto,Evento,Sucata
-,-,F0B-PIDF-12--PIDF-1 IG PRM-002_DVD 1.mpg FRAME 167742.jpg,Duto,Nao_Evento,-
-,-,F0B-PIDF-12--PIDF-1 IG PRM-002_DVD 1.mpg FRAME 168821.jpg,Duto,Evento,Sucata
-,-,F0B-PIDF-12--PIDF-1 IG PRM-002_DVD 1.mpg FRAME 169121.jpg,Duto,Evento,Reparo
-,-,F0B-PIDF-12--PIDF-1 IG PRM-002_DVD 1.mpg FRAME 169421.jpg,Duto,Evento,Reparo
-,-,F0B-PIDF-12--PIDF-1 IG PRM-002_DVD 1.mpg FRAME 169960.jpg,Duto,Evento,Sucata
-,-,F0B-PIDF-12--PIDF-1 IG PRM-002_DVD 1.mpg FRAME 170500.jpg,Duto,Nao_Evento,-
-,-,F0B-PIDF-12--PIDF-1 IG PRM-002_DVD 1.mpg FRAME 171129.jpg,Duto,Nao_Evento,-
-,-,F0B-PIDF-12--PIDF-1 IG PRM-002_DVD 1.mpg FRAME 174396.jpg,Duto,Evento,Enterramento
-,-,F0B-PIDF-12--PIDF-1 IG PRM-002_DVD 1.mpg FRAME 174875.jpg,Duto,Evento,Enterramento
-,-,F0B-PIDF-12--PIDF-1 IG PRM-002_DVD 1.mpg FRAME 181139.jpg,Duto,Evento,Anodo
-,-,F0B-PIDF-12--PIDF-1 IG PRM-002_DVD 1.mpg FRAME 181618.jpg,Duto,Evento,Enterramento
-,-,F0B-PIDF-12--PIDF-1 IG PRM-002_DVD 1.mpg FRAME 182428.jpg,Duto,Evento,Anodo
-,-,F0B-PIDF-12--PIDF-1 IG PRM-002_DVD 1.mpg FRAME 195465.jpg,Duto,Nao_Evento,-
-,-,F0B-PIDF-12--PIDF-1 IG PRM-002_DVD 1.mpg FRAME 203826.jpg,Duto,Nao_Evento,-
-,-,F0B-PIDF-12--PIDF-1 IG PRM-002_DVD 1.mpg FRAME 204605.jpg,Duto,Evento,Enterramento
-,-,F0B-PIDF-12--PIDF-1 IG PRM-002_DVD 1.mpg FRAME 220939.jpg,Duto,Evento,Anodo
-,-,F0B-PIDF-12--PIDF-1 IG PRM-002_DVD 1.mpg FRAME 221239.jpg,Duto,Evento,Enterramento
-,-,F0B-PIDF-12--PIDF-1 IG PRM-002_DVD 1.mpg FRAME 222737.jpg,Duto,Evento,Enterramento
-,-,F0B-PIDF-12--PIDF-1 IG PRM-002_DVD 1.mpg FRAME 223037.jpg,Duto,Evento,Enterramento
-,-,F0B-PIDF-12--PIDF-1 IG PRM-002_DVD 1.mpg FRAME 227233.jpg,Duto,Evento,Reparo
-,-,F0B-PIDF-12--PIDF-1 IG PRM-002_DVD 1.mpg FRAME 254176.jpg,Duto,Evento,Enterramento
-,-,F0B-PIDF-12--PIDF-1 IG PRM-002_DVD 1.mpg FRAME 31528.jpg,Confuso,-,-
-,-,F0B-PIDF-12--PIDF-1 IG PRM-002_DVD 1.mpg FRAME 39740.jpg,Confuso,-,-
-,-,F0B-PIDF-12--PIDF-1 IG PRM-002_DVD 1.mpg FRAME 44476.jpg,Duto,Evento,Flange
-,-,F0B-PIDF-12--PIDF-1 IG PRM-002_DVD 1.mpg FRAME 62967.jpg,Duto,Evento,Anodo
-,-,F0B-PIDF-12--PIDF-1 IG PRM-002_DVD 1.mpg FRAME 63177.jpg,Duto,Evento,Anodo
-,-,F0B-PIDF-12--PIDF-1 IG PRM-002_DVD 1.mpg FRAME 69051.jpg,Duto,Evento,Sucata
-,-,F0B-PIDF-12--PIDF-1 IG PRM-002_DVD 1.mpg FRAME 79421.jpg,Duto,Evento,Enterramento
-,-,F0B-PIDF-12--PIDF-1 IG PRM-002_DVD 1.mpg FRAME 80500.jpg,Duto,Evento,Enterramento
-,-,FAmls16-119_OK--VTS_02_1.VOB FRAME 10130.jpg,Duto,Duvida,-
-,-,FAmls16-119_OK--VTS_02_1.VOB FRAME 39770.jpg,Confuso,-,-
-,-,FAmls16-119_OK--VTS_02_1.VOB FRAME 40699.jpg,Confuso,-,-
-,-,FAmls16-119_OK--VTS_04_1.VOB FRAME 6084.jpg,Duto,Evento,Sucata
-,-,FAmls16-119_OK--VTS_06_1.VOB FRAME 11838.jpg,Nada,-,-
-,-,FAmls16-119_OK--VTS_06_1.VOB FRAME 13966.jpg,Duto,Evento,Enterramento
-,-,FSll16-224_OK--DVD-1--VTS_01_1.VOB FRAME 10220.jpg,Duto,Evento,Flange
-,-,FSll16-224_OK--DVD-1--VTS_01_1.VOB FRAME 109361.jpg,Duto,Evento,Sucata
-,-,FSll16-224_OK--DVD-1--VTS_01_1.VOB FRAME 109930.jpg,Confuso,-,-
-,-,FSll16-224_OK--DVD-1--VTS_01_1.VOB FRAME 10999.jpg,Confuso,-,-
-,-,FSll16-224_OK--DVD-1--VTS_01_1.VOB FRAME 110979.jpg,Confuso,-,-
-,-,FSll16-224_OK--DVD-1--VTS_01_1.VOB FRAME 114815.jpg,Confuso,-,-
-,-,FSll16-224_OK--DVD-1--VTS_01_1.VOB FRAME 121978.jpg,Duto,Evento,Sucata
-,-,FSll16-224_OK--DVD-1--VTS_01_1.VOB FRAME 127133.jpg,Confuso,-,-
-,-,FSll16-224_OK--DVD-1--VTS_01_1.VOB FRAME 128511.jpg,Duto,Evento,Enterramento
-,-,FSll16-224_OK--DVD-1--VTS_01_1.VOB FRAME 132737.jpg,Duto,Evento,Enterramento
-,-,FSll16-224_OK--DVD-1--VTS_01_1.VOB FRAME 132797.jpg,Duto,Evento,Enterramento
-,-,FSll16-224_OK--DVD-1--VTS_01_1.VOB FRAME 140200.jpg,Duto,Evento,Enterramento
-,-,FSll16-224_OK--DVD-1--VTS_01_1.VOB FRAME 140410.jpg,Duto,Evento,Enterramento
-,-,FSll16-224_OK--DVD-1--VTS_01_1.VOB FRAME 16663.jpg,Duto,Evento,Flange
-,-,FSll16-224_OK--DVD-1--VTS_01_1.VOB FRAME 19690.jpg,Nada,-,-
-,-,FSll16-224_OK--DVD-1--VTS_01_1.VOB FRAME 30569.jpg,Duto,Evento,Flange
-,-,FSll16-224_OK--DVD-1--VTS_01_1.VOB FRAME 35215.jpg,Duto,Evento,Flange
-,-,FSll16-224_OK--DVD-1--VTS_01_1.VOB FRAME 35724.jpg,Duto,Evento,Flange
-,-,FSll16-224_OK--DVD-1--VTS_01_1.VOB FRAME 35994.jpg,Duto,Evento,Flange
-,-,FSll16-224_OK--DVD-1--VTS_01_1.VOB FRAME 39830.jpg,Duto,Evento,Flange
-,-,FSll16-224_OK--DVD-1--VTS_01_1.VOB FRAME 42737.jpg,Duto,Evento,Flange
-,-,FSll16-224_OK--DVD-1--VTS_01_1.VOB FRAME 46873.jpg,Duto,Evento,Flange
-,-,FSll16-224_OK--DVD-1--VTS_01_1.VOB FRAME 48312.jpg,Duto,Evento,Flange
-,-,FSll16-224_OK--DVD-1--VTS_01_1.VOB FRAME 49241.jpg,Confuso,-,-
-,-,FSll16-224_OK--DVD-1--VTS_01_1.VOB FRAME 49750.jpg,Duto,Evento,Anodo
-,-,FSll16-224_OK--DVD-1--VTS_01_1.VOB FRAME 50859.jpg,Duto,Evento,Anodo
-,-,FSll16-224_OK--DVD-1--VTS_01_1.VOB FRAME 52388.jpg,Duto,Evento,Anodo
-,-,FSll16-224_OK--DVD-1--VTS_01_1.VOB FRAME 5425.jpg,Duto,Evento,Anodo
-,-,FSll16-224_OK--DVD-1--VTS_01_1.VOB FRAME 9291.jpg,Duto,Evento,Flange
-,-,FSll16-224_OK--DVD-1--VTS_01_1.VOB FRAME 94286.jpg,Duto,Evento,Enterramento
-,-,FSll16-224_OK--DVD-1--VTS_01_1.VOB FRAME 97522.jpg,Duto,Evento,Enterramento
-,-,FSll16-224_OK--DVD-1--VTS_01_1.VOB FRAME 989.jpg,Duto,Evento,Anodo
-,-,FSll16-224_OK--DVD-1--VTS_01_1.VOB FRAME 99770.jpg,Duto,Evento,Enterramento
-,-,FSll16-224_OK--DVD-1--VTS_01_2.VOB FRAME 1828.jpg,Duto,Evento,Enterramento
-,-,FSll16-224_OK--DVD-1--VTS_01_2.VOB FRAME 7792.jpg,Duto,Evento,Enterramento
-,-,FSll16-224_OK--DVD-2--VTS_01_1.VOB FRAME 100579.jpg,Duto,Evento,Flutuadores
-,-,FSll16-224_OK--DVD-2--VTS_01_1.VOB FRAME 102767.jpg,Duto,Evento,Flutuadores
-,-,FSll16-224_OK--DVD-2--VTS_01_1.VOB FRAME 103696.jpg,Duto,Evento,Flutuadores
-,-,FSll16-224_OK--DVD-2--VTS_01_1.VOB FRAME 105554.jpg,Duto,Evento,Flutuadores
-,-,FSll16-224_OK--DVD-2--VTS_01_1.VOB FRAME 109121.jpg,Duto,Evento,Flutuadores
-,-,FSll16-224_OK--DVD-2--VTS_01_1.VOB FRAME 109510.jpg,Duto,Evento,Flutuadores
-,-,FSll16-224_OK--DVD-2--VTS_01_1.VOB FRAME 111189.jpg,Duto,Evento,Flutuadores
-,-,FSll16-224_OK--DVD-2--VTS_01_1.VOB FRAME 122547.jpg,Duto,Evento,Flutuadores
-,-,FSll16-224_OK--DVD-2--VTS_01_1.VOB FRAME 133007.jpg,Duto,Evento,Flutuadores
-,-,FSll16-224_OK--DVD-2--VTS_01_1.VOB FRAME 135105.jpg,Duto,Evento,Flutuadores
-,-,FSll16-224_OK--DVD-2--VTS_01_1.VOB FRAME 23077.jpg,Duto,Evento,Anodo
-,-,FSll16-224_OK--DVD-2--VTS_01_1.VOB FRAME 29101.jpg,Duto,Evento,Anodo
-,-,FSll16-224_OK--DVD-2--VTS_01_1.VOB FRAME 29790.jpg,Duto,Evento,Anodo
-,-,FSll16-224_OK--DVD-2--VTS_01_1.VOB FRAME 31528.jpg,Duto,Evento,Anodo
-,-,FSll16-224_OK--DVD-2--VTS_01_1.VOB FRAME 32937.jpg,Duto,Evento,Anodo
-,-,FSll16-224_OK--DVD-2--VTS_01_1.VOB FRAME 34046.jpg,Duto,Evento,Anodo
-,-,FSll16-224_OK--DVD-2--VTS_01_1.VOB FRAME 36444.jpg,Duto,Evento,Anodo
-,-,FSll16-224_OK--DVD-2--VTS_01_1.VOB FRAME 37433.jpg,Duto,Evento,Anodo
-,-,FSll16-224_OK--DVD-2--VTS_01_1.VOB FRAME 5095.jpg,Duto,Evento,Anodo
-,-,FSll16-224_OK--DVD-2--VTS_01_1.VOB FRAME 58681.jpg,Duto,Evento,Flutuadores
-,-,FSll16-224_OK--DVD-2--VTS_01_1.VOB FRAME 58861.jpg,Duto,Evento,Flutuadores
-,-,FSll16-224_OK--DVD-2--VTS_01_1.VOB FRAME 61888.jpg,Duto,Evento,Flutuadores
-,-,FSll16-224_OK--DVD-2--VTS_01_1.VOB FRAME 62907.jpg,Duto,Evento,Flutuadores
-,-,FSll16-224_OK--DVD-2--VTS_01_1.VOB FRAME 6713.jpg,Duto,Evento,Anodo
-,-,FSll16-224_OK--DVD-2--VTS_01_1.VOB FRAME 71449.jpg,Duto,Evento,Flutuadores
-,-,FSll16-224_OK--DVD-2--VTS_01_1.VOB FRAME 72677.jpg,Duto,Evento,Flutuadores
-,-,FSll16-224_OK--DVD-2--VTS_01_1.VOB FRAME 75734.jpg,Duto,Evento,Flutuadores
-,-,FSll16-224_OK--DVD-2--VTS_01_1.VOB FRAME 80500.jpg,Duto,Evento,Flutuadores
-,-,FSll16-224_OK--DVD-2--VTS_01_1.VOB FRAME 84336.jpg,Duto,Evento,Flutuadores
-,-,FSll16-224_OK--DVD-2--VTS_01_1.VOB FRAME 9021.jpg,Duto,Evento,Anodo
-,-,FSll16-224_OK--DVD-2--VTS_01_2.VOB FRAME 100250.jpg,Duto,Evento,Flutuadores
-,-,FSll16-224_OK--DVD-2--VTS_01_2.VOB FRAME 106903.jpg,Duto,Evento,Flutuadores
-,-,FSll16-224_OK--DVD-2--VTS_01_2.VOB FRAME 109481.jpg,Duto,Evento,Flutuadores
-,-,FSll16-224_OK--DVD-2--VTS_01_2.VOB FRAME 110470.jpg,Duto,Evento,Flutuadores
-,-,FSll16-224_OK--DVD-2--VTS_01_2.VOB FRAME 111339.jpg,Duto,Evento,Flutuadores
-,-,FSll16-224_OK--DVD-2--VTS_01_2.VOB FRAME 114306.jpg,Duto,Evento,Flutuadores
-,-,FSll16-224_OK--DVD-2--VTS_01_2.VOB FRAME 120090.jpg,Duto,Evento,Flutuadores
-,-,FSll16-224_OK--DVD-2--VTS_01_2.VOB FRAME 120240.jpg,Duto,Evento,Flutuadores
-,-,FSll16-224_OK--DVD-2--VTS_01_2.VOB FRAME 120330.jpg,Duto,Evento,Flutuadores
-,-,FSll16-224_OK--DVD-2--VTS_01_2.VOB FRAME 121618.jpg,Duto,Evento,Flutuadores
-,-,FSll16-224_OK--DVD-2--VTS_01_2.VOB FRAME 12168.jpg,Duto,Evento,Flutuadores
-,-,FSll16-224_OK--DVD-2--VTS_01_2.VOB FRAME 123866.jpg,Duto,Evento,Flutuadores
-,-,FSll16-224_OK--DVD-2--VTS_01_2.VOB FRAME 128032.jpg,Duto,Evento,Flutuadores
-,-,FSll16-224_OK--DVD-2--VTS_01_2.VOB FRAME 130639.jpg,Duto,Evento,Flutuadores
-,-,FSll16-224_OK--DVD-2--VTS_01_2.VOB FRAME 130939.jpg,Duto,Evento,Flutuadores
-,-,FSll16-224_OK--DVD-2--VTS_01_2.VOB FRAME 131389.jpg,Duto,Evento,Flutuadores
-,-,FSll16-224_OK--DVD-2--VTS_01_2.VOB FRAME 133277.jpg,Duto,Evento,Flutuadores
-,-,FSll16-224_OK--DVD-2--VTS_01_2.VOB FRAME 19001.jpg,Duto,Evento,Flutuadores
-,-,FSll16-224_OK--DVD-2--VTS_01_2.VOB FRAME 19481.jpg,Duto,Evento,Flutuadores
-,-,FSll16-224_OK--DVD-2--VTS_01_2.VOB FRAME 19990.jpg,Duto,Evento,Flutuadores
-,-,FSll16-224_OK--DVD-2--VTS_01_2.VOB FRAME 20020.jpg,Duto,Evento,Flutuadores
-,-,FSll16-224_OK--DVD-2--VTS_01_2.VOB FRAME 23646.jpg,Duto,Evento,Flutuadores
-,-,FSll16-224_OK--DVD-2--VTS_01_2.VOB FRAME 33686.jpg,Duto,Evento,Flutuadores
-,-,FSll16-224_OK--DVD-2--VTS_01_2.VOB FRAME 39560.jpg,Duto,Evento,Flutuadores
-,-,FSll16-224_OK--DVD-2--VTS_01_2.VOB FRAME 50979.jpg,Duto,Evento,Flutuadores
-,-,FSll16-224_OK--DVD-2--VTS_01_2.VOB FRAME 51309.jpg,Duto,Evento,Flutuadores
-,-,FSll16-224_OK--DVD-2--VTS_01_2.VOB FRAME 51938.jpg,Duto,Evento,Flutuadores
-,-,FSll16-224_OK--DVD-2--VTS_01_2.VOB FRAME 61079.jpg,Duto,Evento,Flutuadores
-,-,FSll16-224_OK--DVD-2--VTS_01_2.VOB FRAME 66384.jpg,Duto,Evento,Flutuadores
-,-,FSll16-224_OK--DVD-2--VTS_01_2.VOB FRAME 66833.jpg,Duto,Evento,Flutuadores
-,-,FSll16-224_OK--DVD-2--VTS_01_2.VOB FRAME 67433.jpg,Duto,Evento,Flutuadores
-,-,FSll16-224_OK--DVD-2--VTS_01_2.VOB FRAME 73277.jpg,Duto,Evento,Flutuadores
-,-,FSll16-224_OK--DVD-2--VTS_01_2.VOB FRAME 77263.jpg,Duto,Evento,Flutuadores
-,-,FSll16-224_OK--DVD-2--VTS_01_2.VOB FRAME 78372.jpg,Duto,Evento,Flutuadores
-,-,FSll16-224_OK--DVD-2--VTS_01_2.VOB FRAME 79600.jpg,Duto,Evento,Flutuadores
-,-,FSll16-224_OK--DVD-2--VTS_01_2.VOB FRAME 8002.jpg,Duto,Evento,Flutuadores
-,-,FSll16-224_OK--DVD-2--VTS_01_2.VOB FRAME 80470.jpg,Duto,Evento,Flutuadores
-,-,FSll16-224_OK--DVD-2--VTS_01_2.VOB FRAME 8092.jpg,Duto,Evento,Flutuadores
-,-,FSll16-224_OK--DVD-2--VTS_01_2.VOB FRAME 82418.jpg,Duto,Evento,Flutuadores
-,-,FSll16-224_OK--DVD-2--VTS_01_2.VOB FRAME 83467.jpg,Duto,Evento,Flutuadores
-,-,FSll16-224_OK--DVD-2--VTS_01_2.VOB FRAME 86074.jpg,Duto,Evento,Flutuadores
-,-,FSll16-224_OK--DVD-2--VTS_01_2.VOB FRAME 86464.jpg,Duto,Evento,Flutuadores
-,-,FSll16-224_OK--DVD-2--VTS_01_2.VOB FRAME 88022.jpg,Duto,Evento,Flutuadores
-,-,FSll16-224_OK--DVD-2--VTS_01_2.VOB FRAME 88531.jpg,Duto,Evento,Flutuadores
-,-,FSll16-224_OK--DVD-2--VTS_01_2.VOB FRAME 92188.jpg,Duto,Evento,Flutuadores
-,-,FSll16-224_OK--DVD-2--VTS_01_2.VOB FRAME 96024.jpg,Duto,Evento,Flutuadores
-,-,FSll16-224_OK--DVD-2--VTS_01_2.VOB FRAME 96623.jpg,Duto,Evento,Flutuadores
-,-,FSll16-224_OK--DVD-2--VTS_01_3.VOB FRAME 100070.jpg,Duto,Evento,Flutuadores
-,-,FSll16-224_OK--DVD-2--VTS_01_3.VOB FRAME 100280.jpg,Duto,Evento,Flutuadores
-,-,FSll16-224_OK--DVD-2--VTS_01_3.VOB FRAME 104266.jpg,Duto,Evento,Flutuadores
-,-,FSll16-224_OK--DVD-2--VTS_01_3.VOB FRAME 105614.jpg,Duto,Evento,Flutuadores
-,-,FSll16-224_OK--DVD-2--VTS_01_3.VOB FRAME 106004.jpg,Duto,Evento,Flutuadores
-,-,FSll16-224_OK--DVD-2--VTS_01_3.VOB FRAME 106274.jpg,Duto,Evento,Flutuadores
-,-,FSll16-224_OK--DVD-2--VTS_01_3.VOB FRAME 108282.jpg,Duto,Evento,Flutuadores
-,-,FSll16-224_OK--DVD-2--VTS_01_3.VOB FRAME 10909.jpg,Duto,Evento,Flutuadores
-,-,FSll16-224_OK--DVD-2--VTS_01_3.VOB FRAME 111878.jpg,Duto,Evento,Flutuadores
-,-,FSll16-224_OK--DVD-2--VTS_01_3.VOB FRAME 112298.jpg,Duto,Evento,Flutuadores
-,-,FSll16-224_OK--DVD-2--VTS_01_3.VOB FRAME 114246.jpg,Duto,Evento,Flutuadores
-,-,FSll16-224_OK--DVD-2--VTS_01_3.VOB FRAME 115175.jpg,Duto,Evento,Flutuadores
-,-,FSll16-224_OK--DVD-2--VTS_01_3.VOB FRAME 115744.jpg,Duto,Evento,Flutuadores
-,-,FSll16-224_OK--DVD-2--VTS_01_3.VOB FRAME 117632.jpg,Duto,Evento,Flutuadores
-,-,FSll16-224_OK--DVD-2--VTS_01_3.VOB FRAME 124496.jpg,Duto,Evento,Flutuadores
-,-,FSll16-224_OK--DVD-2--VTS_01_3.VOB FRAME 126533.jpg,Duto,Evento,Flutuadores
-,-,FSll16-224_OK--DVD-2--VTS_01_3.VOB FRAME 126953.jpg,Duto,Evento,Flutuadores
-,-,FSll16-224_OK--DVD-2--VTS_01_3.VOB FRAME 129650.jpg,Duto,Evento,Flutuadores
-,-,FSll16-224_OK--DVD-2--VTS_01_3.VOB FRAME 135405.jpg,Duto,Evento,Flutuadores
-,-,FSll16-224_OK--DVD-2--VTS_01_3.VOB FRAME 14356.jpg,Duto,Evento,Flutuadores
-,-,FSll16-224_OK--DVD-2--VTS_01_3.VOB FRAME 15285.jpg,Duto,Evento,Flutuadores
-,-,FSll16-224_OK--DVD-2--VTS_01_3.VOB FRAME 16274.jpg,Duto,Evento,Flutuadores
-,-,FSll16-224_OK--DVD-2--VTS_01_3.VOB FRAME 17143.jpg,Duto,Evento,Flutuadores
-,-,FSll16-224_OK--DVD-2--VTS_01_3.VOB FRAME 18851.jpg,Duto,Evento,Flutuadores
-,-,FSll16-224_OK--DVD-2--VTS_01_3.VOB FRAME 20739.jpg,Duto,Evento,Flutuadores
-,-,FSll16-224_OK--DVD-2--VTS_01_3.VOB FRAME 24276.jpg,Duto,Evento,Flutuadores
-,-,FSll16-224_OK--DVD-2--VTS_01_3.VOB FRAME 2877.jpg,Duto,Evento,Flutuadores
-,-,FSll16-224_OK--DVD-2--VTS_01_3.VOB FRAME 2967.jpg,Duto,Evento,Flutuadores
-,-,FSll16-224_OK--DVD-2--VTS_01_3.VOB FRAME 31648.jpg,Duto,Evento,Flutuadores
-,-,FSll16-224_OK--DVD-2--VTS_01_3.VOB FRAME 32008.jpg,Duto,Evento,Flutuadores
-,-,FSll16-224_OK--DVD-2--VTS_01_3.VOB FRAME 33716.jpg,Duto,Evento,Flutuadores
-,-,FSll16-224_OK--DVD-2--VTS_01_3.VOB FRAME 34585.jpg,Duto,Evento,Flutuadores
-,-,FSll16-224_OK--DVD-2--VTS_01_3.VOB FRAME 36593.jpg,Duto,Evento,Flutuadores
-,-,FSll16-224_OK--DVD-2--VTS_01_3.VOB FRAME 5335.jpg,Duto,Evento,Flutuadores
-,-,FSll16-224_OK--DVD-2--VTS_01_3.VOB FRAME 64376.jpg,Duto,Evento,Flutuadores
-,-,FSll16-224_OK--DVD-2--VTS_01_3.VOB FRAME 68362.jpg,Duto,Evento,Flutuadores
-,-,FSll16-224_OK--DVD-2--VTS_01_3.VOB FRAME 69351.jpg,Duto,Evento,Flutuadores
-,-,FSll16-224_OK--DVD-2--VTS_01_3.VOB FRAME 70609.jpg,Duto,Evento,Flutuadores
-,-,FSll16-224_OK--DVD-2--VTS_01_3.VOB FRAME 75614.jpg,Duto,Evento,Flutuadores
-,-,FSll16-224_OK--DVD-2--VTS_01_3.VOB FRAME 76573.jpg,Duto,Evento,Flutuadores
-,-,FSll16-224_OK--DVD-2--VTS_01_3.VOB FRAME 79241.jpg,Duto,Evento,Flutuadores
-,-,FSll16-224_OK--DVD-2--VTS_01_3.VOB FRAME 81608.jpg,Duto,Evento,Flutuadores
-,-,FSll16-224_OK--DVD-2--VTS_01_3.VOB FRAME 85594.jpg,Duto,Evento,Flutuadores
-,-,FSll16-224_OK--DVD-2--VTS_01_3.VOB FRAME 86404.jpg,Duto,Evento,Flutuadores
-,-,FSll16-224_OK--DVD-2--VTS_01_3.VOB FRAME 91229.jpg,Duto,Evento,Flutuadores
-,-,FSll16-224_OK--DVD-2--VTS_01_3.VOB FRAME 97822.jpg,Duto,Evento,Flutuadores
-,-,FSll16-224_OK--DVD-2--VTS_01_4.VOB FRAME 1019.jpg,Duto,Evento,Flutuadores
-,-,FSll16-224_OK--DVD-2--VTS_01_4.VOB FRAME 11269.jpg,Duto,Evento,Flutuadores
-,-,FSll16-224_OK--DVD-2--VTS_01_4.VOB FRAME 12138.jpg,Duto,Evento,Flutuadores
-,-,FSll16-224_OK--DVD-2--VTS_01_4.VOB FRAME 14176.jpg,Duto,Evento,Flutuadores
-,-,FSll16-224_OK--DVD-2--VTS_01_4.VOB FRAME 17862.jpg,Duto,Evento,Flutuadores
-,-,FSll16-224_OK--DVD-2--VTS_01_4.VOB FRAME 18162.jpg,Duto,Evento,Flutuadores
-,-,FSll16-224_OK--DVD-2--VTS_01_4.VOB FRAME 21399.jpg,Duto,Evento,Flutuadores
-,-,FSll16-224_OK--DVD-2--VTS_01_4.VOB FRAME 24995.jpg,Duto,Evento,Flutuadores
-,-,FSll16-224_OK--DVD-2--VTS_01_4.VOB FRAME 26583.jpg,Duto,Evento,Flutuadores
-,-,FSll16-224_OK--DVD-2--VTS_01_4.VOB FRAME 29790.jpg,Duto,Evento,Flutuadores
-,-,FSll16-224_OK--DVD-2--VTS_01_4.VOB FRAME 3387.jpg,Duto,Evento,Flutuadores
-,-,FSll16-224_OK--DVD-2--VTS_01_4.VOB FRAME 34945.jpg,Duto,Evento,Flutuadores
-,-,FSll16-224_OK--DVD-2--VTS_01_4.VOB FRAME 36264.jpg,Duto,Evento,Flutuadores
-,-,FSll16-224_OK--DVD-2--VTS_01_4.VOB FRAME 9471.jpg,Duto,Evento,Flutuadores
-,-,FSll16-224_OK--DVD-3--VTS_01_3.VOB FRAME 133906.jpg,Duto,Evento,Reparo
-,-,FSll16-224_OK--DVD-3--VTS_01_3.VOB FRAME 136843.jpg,Duto,Evento,Reparo
-,-,FSll16-224_OK--DVD-3--VTS_01_3.VOB FRAME 139331.jpg,Duto,Evento,Reparo
-,-,FSll16-224_OK--DVD-3--VTS_01_3.VOB FRAME 41059.jpg,Duto,Evento,Reparo
-,-,FSll16-224_OK--DVD-3--VTS_01_4.VOB FRAME 2098.jpg,Duto,Evento,Reparo
-,-,FSll16-224_OK--DVD-3--VTS_01_4.VOB FRAME 8931.jpg,Duto,Evento,Reparo
-,-,GHmls16-263_OK--DVD-1--20161101202838328@DVR-SPARE_Ch1.wmv FRAME 12400.jpg,Duto,Evento,Flange
-,-,GHmls16-263_OK--DVD-1--20161101202838328@DVR-SPARE_Ch1.wmv FRAME 22150.jpg,Duto,Evento,Flange
-,-,GHmls16-263_OK--DVD-1--20161101202838328@DVR-SPARE_Ch1.wmv FRAME 24000.jpg,Duto,Evento,Anodo
-,-,GHmls16-263_OK--DVD-1--20161101202838328@DVR-SPARE_Ch1.wmv FRAME 27800.jpg,Duto,Evento,Anodo
-,-,GHmls16-263_OK--DVD-1--20161101202838328@DVR-SPARE_Ch1.wmv FRAME 31650.jpg,Duto,Evento,Flutuadores
-,-,GHmls16-263_OK--DVD-1--20161101202838328@DVR-SPARE_Ch1.wmv FRAME 9225.jpg,Duto,Evento,Flange
-,-,GHmls16-263_OK--DVD-1--20161101205058500@DVR-SPARE_Ch1.wmv FRAME 16750.jpg,Duto,Evento,Sucata
-,-,GHmls16-263_OK--DVD-1--20161101212059250@DVR-SPARE_Ch1.wmv FRAME 23650.jpg,Duto,Duvida,-
-,-,GHmls16-263_OK--DVD-1--20161101212059250@DVR-SPARE_Ch1.wmv FRAME 29025.jpg,Duto,Nao_Evento,-
-,-,GHmls16-263_OK--DVD-1--20161101212059250@DVR-SPARE_Ch1.wmv FRAME 31975.jpg,Duto,Nao_Evento,-
-,-,GHmls16-263_OK--DVD-1--20161101212059250@DVR-SPARE_Ch1.wmv FRAME 45000.jpg,Duto,Evento,Anodo
-,-,GHmls16-263_OK--DVD-1--20161101232103406@DVR-SPARE_Ch1.wmv FRAME 40050.jpg,Duto,Evento,Flange
-,-,GHmls16-263_OK--DVD-1--20161101232103406@DVR-SPARE_Ch1.wmv FRAME 44500.jpg,Duto,Evento,Anodo
-,-,GHmls16-263_OK--DVD-1--20161101232103406@DVR-SPARE_Ch1.wmv FRAME 44675.jpg,Duto,Evento,Anodo
-,-,GHmls16-263_OK--DVD-1--20161101235105625@DVR-SPARE_Ch1.wmv FRAME 5250.jpg,Duto,Evento,Flange
-,-,GHmls16-263_OK--DVD-1--20161101235105625@DVR-SPARE_Ch1.wmv FRAME 675.jpg,Confuso,-,-
-,-,GHmls16-263_OK--DVD-1--20161101235538296@DVR-SPARE_Ch1.wmv FRAME 11200.jpg,Confuso,-,-
-,-,GHmls16-263_OK--DVD-1--20161101235538296@DVR-SPARE_Ch1.wmv FRAME 11900.jpg,Confuso,-,-
-,-,GHmls16-263_OK--DVD-1--20161101235538296@DVR-SPARE_Ch1.wmv FRAME 14725.jpg,Confuso,-,-
-,-,GHmls16-263_OK--DVD-1--20161101235538296@DVR-SPARE_Ch1.wmv FRAME 16150.jpg,Confuso,-,-
-,-,GHmls16-263_OK--DVD-1--20161101235538296@DVR-SPARE_Ch1.wmv FRAME 17575.jpg,Duto,Evento,Flange
-,-,GHmls16-263_OK--DVD-1--20161101235538296@DVR-SPARE_Ch1.wmv FRAME 3325.jpg,Duto,Evento,Flange
-,-,GHmls16-263_OK--DVD-1--20161101235538296@DVR-SPARE_Ch1.wmv FRAME 5275.jpg,Duto,Evento,Flange
-,-,GHmls16-263_OK--DVD-1--20161101235538296@DVR-SPARE_Ch1.wmv FRAME 9575.jpg,Duto,Evento,Flange
-,-,GHmls16-263_OK--DVD-1--20161101235538296@DVR-SPARE_Ch1.wmv FRAME 9675.jpg,Duto,Evento,Flange
-,-,GHmls16-263_OK--DVD-1--20161102000728984@DVR-SPARE_Ch1.wmv FRAME 1375.jpg,Duto,Evento,Flange
-,-,GHmls16-263_OK--DVD-1--20161102000728984@DVR-SPARE_Ch1.wmv FRAME 300.jpg,Duto,Evento,Flange
-,-,GHmls16-263_OK--DVD-1--20161102010731375@DVR-SPARE_Ch1.wmv FRAME 17075.jpg,Duto,Duvida,-
-,-,GHmls16-263_OK--DVD-1--20161102023734109@DVR-SPARE_Ch1.wmv FRAME 10775.jpg,Duto,Evento,Anodo
-,-,GHmls16-263_OK--DVD-1--20161102023734109@DVR-SPARE_Ch1.wmv FRAME 26525.jpg,Duto,Evento,Flange
-,-,GHmls16-263_OK--DVD-1--20161102023734109@DVR-SPARE_Ch1.wmv FRAME 27350.jpg,Duto,Evento,Flange
-,-,GHmls16-263_OK--DVD-1--20161102023734109@DVR-SPARE_Ch1.wmv FRAME 28300.jpg,Duto,Evento,Flange
-,-,GHmls16-263_OK--DVD-1--20161102023734109@DVR-SPARE_Ch1.wmv FRAME 28675.jpg,Duto,Evento,Flange
-,-,GHmls16-263_OK--DVD-1--20161102023734109@DVR-SPARE_Ch1.wmv FRAME 30250.jpg,Duto,Evento,Flange
-,-,GHmls16-263_OK--DVD-1--20161102023734109@DVR-SPARE_Ch1.wmv FRAME 30475.jpg,Duto,Evento,Flange
-,-,GHmls16-263_OK--DVD-1--20161102023734109@DVR-SPARE_Ch1.wmv FRAME 34225.jpg,Duto,Evento,Flange
-,-,GHmls16-263_OK--DVD-1--20161102023734109@DVR-SPARE_Ch1.wmv FRAME 34725.jpg,Duto,Evento,Flange
-,-,GHmls16-263_OK--DVD-1--20161102023734109@DVR-SPARE_Ch1.wmv FRAME 4800.jpg,Duto,Evento,Anodo
-,-,GHmls16-263_OK--DVD-1--20161102023734109@DVR-SPARE_Ch1.wmv FRAME 6100.jpg,Duto,Evento,Flange
-,-,GHmls16-263_OK--DVD-1--20161102023734109@DVR-SPARE_Ch1.wmv FRAME 7500.jpg,Duto,Evento,Anodo
-,-,GHmls16-263_OK--DVD-1--20161102030326828@DVR-SPARE_Ch1.wmv FRAME 750.jpg,Duto,Evento,Flange
-,-,GHmls16-263_OK--DVD-1--20161102033327125@DVR-SPARE_Ch1.wmv FRAME 19200.jpg,Duto,Evento,Flange
-,-,GHmls16-263_OK--DVD-1--20161102033327125@DVR-SPARE_Ch1.wmv FRAME 23325.jpg,Duto,Evento,Flange
-,-,GHmls16-263_OK--DVD-1--20161102033327125@DVR-SPARE_Ch1.wmv FRAME 23825.jpg,Duto,Evento,Flange
-,-,GHmls16-263_OK--DVD-1--20161102033327125@DVR-SPARE_Ch1.wmv FRAME 29850.jpg,Duto,Evento,Flange
-,-,GHmls16-263_OK--DVD-1--20161102033327125@DVR-SPARE_Ch1.wmv FRAME 30250.jpg,Confuso,-,-
-,-,GHmls16-263_OK--DVD-1--20161102035345781@DVR-SPARE_Ch1.wmv FRAME 250.jpg,Confuso,-,-
-,-,GHmls16-263_OK--DVD-1--20161102035345781@DVR-SPARE_Ch1.wmv FRAME 27525.jpg,Duto,Nao_Evento,-
-,-,GHmls16-263_OK--DVD-1--20161102035345781@DVR-SPARE_Ch1.wmv FRAME 27575.jpg,Duto,Nao_Evento,-
-,-,GHmls16-263_OK--DVD-1--20161102042346484@DVR-SPARE_Ch1.wmv FRAME 12150.jpg,Duto,Evento,Enterramento
-,-,GHmls16-263_OK--DVD-2--20161102052348359@DVR-SPARE_Ch1.wmv FRAME 22900.jpg,Duto,Duvida,-
-,-,GHmls16-263_OK--DVD-2--20161102055349515@DVR-SPARE_Ch1.wmv FRAME 12775.jpg,Duto,Evento,Anodo
-,-,GHmls16-263_OK--DVD-2--20161102055349515@DVR-SPARE_Ch1.wmv FRAME 13175.jpg,Duto,Evento,Anodo
-,-,GHmls16-263_OK--DVD-2--20161102055349515@DVR-SPARE_Ch1.wmv FRAME 16100.jpg,Duto,Evento,Anodo
-,-,GHmls16-263_OK--DVD-2--20161102055349515@DVR-SPARE_Ch1.wmv FRAME 1625.jpg,Duto,Evento,Anodo
-,-,GHmls16-263_OK--DVD-2--20161102055349515@DVR-SPARE_Ch1.wmv FRAME 1950.jpg,Duto,Evento,Anodo
-,-,GHmls16-263_OK--DVD-2--20161102055349515@DVR-SPARE_Ch1.wmv FRAME 21325.jpg,Duto,Evento,Anodo
-,-,GHmls16-263_OK--DVD-2--20161102055349515@DVR-SPARE_Ch1.wmv FRAME 21925.jpg,Duto,Evento,Flange
-,-,GHmls16-263_OK--DVD-2--20161102055349515@DVR-SPARE_Ch1.wmv FRAME 27100.jpg,Duto,Evento,Anodo
-,-,GHmls16-263_OK--DVD-2--20161102061422703@DVR-SPARE_Ch1.wmv FRAME 875.jpg,Duto,Evento,Anodo
-,-,GHmls16-263_OK--DVD-4--20161106091420250@DVR-SPARE_Ch1.wmv FRAME 37875.jpg,Duto,Evento,Reparo
-,-,ROBI12-417_OK--VTS_01_1.VOB FRAME 14206.jpg,Duto,Evento,Flange
-,-,ROBI12-417_OK--VTS_01_1.VOB FRAME 1499.jpg,Duto,Evento,Flange
-,-,SVTab17-001_OK--OS-6000427923 - SVTab17-001 - Rev. 0 - COMPLETO - 23-04-2017.avi FRAME 107772.jpg,Duto,Evento,Enterramento
-,-,SVTab17-001_OK--OS-6000427923 - SVTab17-001 - Rev. 0 - COMPLETO - 23-04-2017.avi FRAME 128422.jpg,Duto,Evento,Conector
-,-,SVTab17-001_OK--OS-6000427923 - SVTab17-001 - Rev. 0 - COMPLETO - 23-04-2017.avi FRAME 134206.jpg,Duto,Evento,Conector
-,-,SVTab17-001_OK--OS-6000427923 - SVTab17-001 - Rev. 0 - COMPLETO - 23-04-2017.avi FRAME 139481.jpg,Duto,Evento,Conector
-,-,SVTab17-001_OK--OS-6000427923 - SVTab17-001 - Rev. 0 - COMPLETO - 23-04-2017.avi FRAME 140350.jpg,Duto,Evento,Conector
-,-,SVTab17-001_OK--OS-6000427923 - SVTab17-001 - Rev. 0 - COMPLETO - 23-04-2017.avi FRAME 140709.jpg,Duto,Evento,Conector
-,-,SVTab17-001_OK--OS-6000427923 - SVTab17-001 - Rev. 0 - COMPLETO - 23-04-2017.avi FRAME 144785.jpg,Duto,Evento,Conector
-,-,SVTab17-001_OK--OS-6000427923 - SVTab17-001 - Rev. 0 - COMPLETO - 23-04-2017.avi FRAME 144845.jpg,Duto,Evento,Conector
-,-,SVTab17-001_OK--OS-6000427923 - SVTab17-001 - Rev. 0 - COMPLETO - 23-04-2017.avi FRAME 146733.jpg,Duto,Evento,Conector
-,-,SVTab17-001_OK--OS-6000427923 - SVTab17-001 - Rev. 0 - COMPLETO - 23-04-2017.avi FRAME 147033.jpg,Duto,Evento,Conector
-,-,SVTab17-001_OK--OS-6000427923 - SVTab17-001 - Rev. 0 - COMPLETO - 23-04-2017.avi FRAME 147483.jpg,Duto,Evento,Conector
-,-,SVTab17-001_OK--OS-6000427923 - SVTab17-001 - Rev. 0 - COMPLETO - 23-04-2017.avi FRAME 149401.jpg,Duto,Evento,Conector
-,-,SVTab17-001_OK--OS-6000427923 - SVTab17-001 - Rev. 0 - COMPLETO - 23-04-2017.avi FRAME 149461.jpg,Duto,Evento,Conector
-,-,SVTab17-001_OK--OS-6000427923 - SVTab17-001 - Rev. 0 - COMPLETO - 23-04-2017.avi FRAME 178052.jpg,Confuso,-,-
-,-,SVTab17-001_OK--OS-6000427923 - SVTab17-001 - Rev. 0 - COMPLETO - 23-04-2017.avi FRAME 19510.jpg,Duto,Nao_Evento,-
-,-,SVTab17-001_OK--OS-6000427923 - SVTab17-001 - Rev. 0 - COMPLETO - 23-04-2017.avi FRAME 23317.jpg,Duto,Evento,Sucata
-,-,SVTab17-001_OK--OS-6000427923 - SVTab17-001 - Rev. 0 - COMPLETO - 23-04-2017.avi FRAME 235175.jpg,Duto,Evento,Sucata
-,-,SVTab17-001_OK--OS-6000427923 - SVTab17-001 - Rev. 0 - COMPLETO - 23-04-2017.avi FRAME 240090.jpg,Confuso,-,-
-,-,SVTab17-001_OK--OS-6000427923 - SVTab17-001 - Rev. 0 - COMPLETO - 23-04-2017.avi FRAME 272458.jpg,Duto,Evento,Dano
-,-,SVTab17-001_OK--OS-6000427923 - SVTab17-001 - Rev. 0 - COMPLETO - 23-04-2017.avi FRAME 31888.jpg,Duto,Evento,Sucata
-,-,SVTab17-001_OK--OS-6000427923 - SVTab17-001 - Rev. 0 - COMPLETO - 23-04-2017.avi FRAME 5814.jpg,Duto,Nao_Evento,-
-,-,SVTab17-001_OK--OS-6000427923 - SVTab17-001 - Rev. 0 - COMPLETO - 23-04-2017.avi FRAME 76454.jpg,Duto,Evento,Flange
-,-,SVTab17-001_OK--OS-6000427923 - SVTab17-001 - Rev. 0 - COMPLETO - 23-04-2017.avi FRAME 77982.jpg,Duto,Evento,Flange
-,-,SVTab17-001_OK--OS-6000427923 - SVTab17-001 - Rev. 0 - COMPLETO - 23-04-2017.avi FRAME 84575.jpg,Duto,Evento,Flange
-,-,SVTab17-001_OK--OS-6000427923 - SVTab17-001 - Rev. 0 - COMPLETO - 23-04-2017.avi FRAME 85115.jpg,Duto,Evento,Flange
-,-,TCOPM16-160_OK--DVD-1--VTS_01_1.VOB FRAME 114306.jpg,Duto,Evento,Flange
-,-,TCOPM16-160_OK--DVD-1--VTS_01_1.VOB FRAME 115325.jpg,Duto,Evento,Flange
-,-,TCOPM16-160_OK--DVD-1--VTS_01_1.VOB FRAME 125934.jpg,Duto,Duvida,-
-,-,TCOPM16-160_OK--DVD-1--VTS_01_1.VOB FRAME 126803.jpg,Duto,Duvida,-
-,-,TCOPM16-160_OK--DVD-1--VTS_01_1.VOB FRAME 127283.jpg,Duto,Duvida,-
-,-,TCOPM16-160_OK--DVD-1--VTS_01_1.VOB FRAME 138402.jpg,Duto,Duvida,-
-,-,TCOPM16-160_OK--DVD-1--VTS_01_1.VOB FRAME 18731.jpg,Duto,Duvida,-
-,-,TCOPM16-160_OK--DVD-1--VTS_01_1.VOB FRAME 3237.jpg,Duto,Evento,Flange
-,-,TCOPM16-160_OK--DVD-1--VTS_01_1.VOB FRAME 38961.jpg,Duto,Evento,Flange
-,-,TCOPM16-160_OK--DVD-1--VTS_01_1.VOB FRAME 43067.jpg,Duto,Evento,Flange
-,-,TCOPM16-160_OK--DVD-1--VTS_01_1.VOB FRAME 45854.jpg,Duto,Evento,Flange
-,-,TCOPM16-160_OK--DVD-1--VTS_01_1.VOB FRAME 46394.jpg,Duto,Evento,Flange
-,-,TCOPM16-160_OK--DVD-1--VTS_01_1.VOB FRAME 47053.jpg,Duto,Evento,Flange
-,-,TCOPM16-160_OK--DVD-1--VTS_01_1.VOB FRAME 54066.jpg,Duto,Evento,Flange
-,-,TCOPM16-160_OK--DVD-1--VTS_01_1.VOB FRAME 65634.jpg,Duto,Evento,Flange
-,-,TCOPM16-160_OK--DVD-1--VTS_01_1.VOB FRAME 68092.jpg,Duto,Evento,Flange
-,-,TCOPM16-160_OK--DVD-1--VTS_01_1.VOB FRAME 69860.jpg,Duto,Evento,Flange
-,-,TCOPM16-160_OK--DVD-1--VTS_01_1.VOB FRAME 74386.jpg,Duto,Evento,Flange
-,-,TCOPM16-160_OK--DVD-1--VTS_01_1.VOB FRAME 75015.jpg,Duto,Evento,Flange
-,-,TCOPM16-160_OK--DVD-1--VTS_01_1.VOB FRAME 77263.jpg,Duto,Evento,Flange
-,-,TCOPM16-160_OK--DVD-1--VTS_01_1.VOB FRAME 79870.jpg,Duto,Evento,Flange
-,-,TCOPM16-160_OK--DVD-1--VTS_01_1.VOB FRAME 8182.jpg,Duto,Evento,Flange
-,-,TCOPM16-160_OK--DVD-1--VTS_01_1.VOB FRAME 86673.jpg,Duto,Evento,Flange
-,-,TCOPM16-160_OK--DVD-1--VTS_01_1.VOB FRAME 92607.jpg,Duto,Evento,Flange
-,-,TCOPM16-160_OK--DVD-1--VTS_01_2.VOB FRAME 102857.jpg,Duto,Evento,Reparo
-,-,TCOPM16-160_OK--DVD-1--VTS_01_2.VOB FRAME 107592.jpg,Duto,Evento,Dano
-,-,TCOPM16-160_OK--DVD-1--VTS_01_2.VOB FRAME 111219.jpg,Duto,Evento,Dano
-,-,TCOPM16-160_OK--DVD-1--VTS_01_2.VOB FRAME 113167.jpg,Duto,Evento,Dano
-,-,TCOPM16-160_OK--DVD-1--VTS_01_2.VOB FRAME 113526.jpg,Duto,Evento,Dano
-,-,TCOPM16-160_OK--DVD-1--VTS_01_2.VOB FRAME 113886.jpg,Duto,Evento,Dano
-,-,TCOPM16-160_OK--DVD-1--VTS_01_2.VOB FRAME 11628.jpg,Duto,Evento,Flange
-,-,TCOPM16-160_OK--DVD-1--VTS_01_2.VOB FRAME 116973.jpg,Duto,Evento,Dano
-,-,TCOPM16-160_OK--DVD-1--VTS_01_2.VOB FRAME 118771.jpg,Duto,Evento,Dano
-,-,TCOPM16-160_OK--DVD-1--VTS_01_2.VOB FRAME 120959.jpg,Duto,Evento,Reparo
-,-,TCOPM16-160_OK--DVD-1--VTS_01_2.VOB FRAME 123117.jpg,Duto,Evento,Reparo
-,-,TCOPM16-160_OK--DVD-1--VTS_01_2.VOB FRAME 127253.jpg,Duto,Evento,Reparo
-,-,TCOPM16-160_OK--DVD-1--VTS_01_2.VOB FRAME 128212.jpg,Duto,Evento,Dano
-,-,TCOPM16-160_OK--DVD-1--VTS_01_2.VOB FRAME 129471.jpg,Duto,Evento,Dano
-,-,TCOPM16-160_OK--DVD-1--VTS_01_2.VOB FRAME 32488.jpg,Duto,Evento,Dano
-,-,TCOPM16-160_OK--DVD-1--VTS_01_2.VOB FRAME 39261.jpg,Duto,Evento,Dano
-,-,TCOPM16-160_OK--DVD-1--VTS_01_2.VOB FRAME 39830.jpg,Duto,Evento,Dano
-,-,TCOPM16-160_OK--DVD-1--VTS_01_2.VOB FRAME 41868.jpg,Duto,Evento,Anodo
-,-,TCOPM16-160_OK--DVD-1--VTS_01_2.VOB FRAME 55355.jpg,Duto,Evento,Anodo
-,-,TCOPM16-160_OK--DVD-1--VTS_01_2.VOB FRAME 55415.jpg,Duto,Evento,Anodo
-,-,TCOPM16-160_OK--DVD-1--VTS_01_2.VOB FRAME 57542.jpg,Duto,Evento,Dano
-,-,TCOPM16-160_OK--DVD-1--VTS_01_2.VOB FRAME 62937.jpg,Duto,Evento,Anodo
-,-,TCOPM16-160_OK--DVD-1--VTS_01_2.VOB FRAME 66773.jpg,Duto,Evento,Anodo
-,-,TCOPM16-160_OK--DVD-1--VTS_01_2.VOB FRAME 68362.jpg,Duto,Evento,Sucata
-,-,TCOPM16-160_OK--DVD-1--VTS_01_2.VOB FRAME 68721.jpg,Duto,Evento,Sucata
-,-,TCOPM16-160_OK--DVD-1--VTS_01_2.VOB FRAME 7493.jpg,Duto,Evento,Flange
-,-,TCOPM16-160_OK--DVD-1--VTS_01_2.VOB FRAME 82418.jpg,Duto,Evento,Reparo
-,-,TCOPM16-160_OK--DVD-1--VTS_01_2.VOB FRAME 82747.jpg,Duto,Evento,Sucata
-,-,TCOPM16-160_OK--DVD-1--VTS_01_2.VOB FRAME 86254.jpg,Duto,Evento,Sucata
-,-,TCOPM16-160_OK--DVD-1--VTS_01_2.VOB FRAME 90180.jpg,Duto,Evento,Sucata
-,-,TCOPM16-160_OK--DVD-1--VTS_01_2.VOB FRAME 94855.jpg,Duto,Evento,Reparo
-,-,TCOPM16-160_OK--DVD-1--VTS_01_2.VOB FRAME 96983.jpg,Duto,Evento,Reparo
-,-,TCOPM16-160_OK--DVD-1--VTS_01_3.VOB FRAME 107443.jpg,Duto,Evento,Anodo
-,-,TCOPM16-160_OK--DVD-1--VTS_01_3.VOB FRAME 115115.jpg,Duto,Evento,Anodo
-,-,TCOPM16-160_OK--DVD-1--VTS_01_3.VOB FRAME 117153.jpg,Duto,Evento,Dano
-,-,TCOPM16-160_OK--DVD-1--VTS_01_3.VOB FRAME 121409.jpg,Duto,Evento,Dano
-,-,TCOPM16-160_OK--DVD-1--VTS_01_3.VOB FRAME 122458.jpg,Duto,Evento,Dano
-,-,TCOPM16-160_OK--DVD-1--VTS_01_3.VOB FRAME 129800.jpg,Duto,Evento,Reparo
-,-,TCOPM16-160_OK--DVD-1--VTS_01_3.VOB FRAME 130849.jpg,Duto,Evento,Reparo
-,-,TCOPM16-160_OK--DVD-1--VTS_01_3.VOB FRAME 130969.jpg,Duto,Evento,Reparo
-,-,TCOPM16-160_OK--DVD-1--VTS_01_3.VOB FRAME 135165.jpg,Duto,Evento,Reparo
-,-,TCOPM16-160_OK--DVD-1--VTS_01_3.VOB FRAME 136124.jpg,Duto,Evento,Reparo
-,-,TCOPM16-160_OK--DVD-1--VTS_01_3.VOB FRAME 138881.jpg,Duto,Evento,Dano
-,-,TCOPM16-160_OK--DVD-1--VTS_01_3.VOB FRAME 16244.jpg,Duto,Evento,Reparo
-,-,TCOPM16-160_OK--DVD-1--VTS_01_3.VOB FRAME 16783.jpg,Duto,Evento,Reparo
-,-,TCOPM16-160_OK--DVD-1--VTS_01_3.VOB FRAME 25774.jpg,Duto,Evento,Dano
-,-,TCOPM16-160_OK--DVD-1--VTS_01_3.VOB FRAME 25924.jpg,Duto,Evento,Dano
-,-,TCOPM16-160_OK--DVD-1--VTS_01_3.VOB FRAME 53616.jpg,Duto,Evento,Dano
-,-,TCOPM16-160_OK--DVD-1--VTS_01_3.VOB FRAME 53736.jpg,Duto,Evento,Dano
-,-,TCOPM16-160_OK--DVD-1--VTS_01_3.VOB FRAME 60030.jpg,Duto,Evento,Dano
-,-,TCOPM16-160_OK--DVD-1--VTS_01_3.VOB FRAME 60390.jpg,Duto,Evento,Dano
-,-,TCOPM16-160_OK--DVD-1--VTS_01_3.VOB FRAME 76454.jpg,Duto,Evento,Reparo
-,-,TCOPM16-160_OK--DVD-1--VTS_01_3.VOB FRAME 7972.jpg,Duto,Evento,Reparo
-,-,TCOPM16-160_OK--DVD-1--VTS_01_4.VOB FRAME 10669.jpg,Duto,Evento,Reparo
-,-,TCOPM16-160_OK--DVD-1--VTS_01_4.VOB FRAME 113886.jpg,Duto,Evento,Reparo
-,-,TCOPM16-160_OK--DVD-1--VTS_01_4.VOB FRAME 114875.jpg,Duto,Evento,Reparo
-,-,TCOPM16-160_OK--DVD-1--VTS_01_4.VOB FRAME 123117.jpg,Duto,Duvida,-
-,-,TCOPM16-160_OK--DVD-1--VTS_01_4.VOB FRAME 18462.jpg,Duto,Evento,Enterramento
-,-,TCOPM16-160_OK--DVD-1--VTS_01_4.VOB FRAME 19331.jpg,Duto,Evento,Enterramento
-,-,TCOPM16-160_OK--DVD-1--VTS_01_4.VOB FRAME 21878.jpg,Duto,Evento,Enterramento
-,-,TCOPM16-160_OK--DVD-1--VTS_01_4.VOB FRAME 24845.jpg,Duto,Duvida,-
-,-,TCOPM16-160_OK--DVD-1--VTS_01_4.VOB FRAME 26314.jpg,Duto,Evento,Reparo
-,-,TCOPM16-160_OK--DVD-1--VTS_01_4.VOB FRAME 29700.jpg,Duto,Evento,Reparo
-,-,TCOPM16-160_OK--DVD-1--VTS_01_4.VOB FRAME 3836.jpg,Duto,Evento,Reparo
-,-,TCOPM16-160_OK--DVD-1--VTS_01_4.VOB FRAME 38721.jpg,Duto,Evento,Dano
-,-,TCOPM16-160_OK--DVD-1--VTS_01_4.VOB FRAME 41119.jpg,Duto,Evento,Dano
-,-,TCOPM16-160_OK--DVD-1--VTS_01_4.VOB FRAME 41209.jpg,Duto,Evento,Dano
-,-,TCOPM16-160_OK--DVD-1--VTS_01_4.VOB FRAME 42018.jpg,Duto,Evento,Dano
-,-,TCOPM16-160_OK--DVD-1--VTS_01_4.VOB FRAME 46454.jpg,Duto,Evento,Dano
-,-,TCOPM16-160_OK--DVD-1--VTS_01_4.VOB FRAME 48462.jpg,Duto,Evento,Dano
-,-,TCOPM16-160_OK--DVD-1--VTS_01_4.VOB FRAME 5694.jpg,Duto,Evento,Reparo
-,-,TCOPM16-160_OK--DVD-1--VTS_01_4.VOB FRAME 65604.jpg,Duto,Evento,Dano
-,-,TCOPM16-160_OK--DVD-1--VTS_01_4.VOB FRAME 66923.jpg,Duto,Evento,Dano
-,-,TCOPM16-160_OK--DVD-1--VTS_01_4.VOB FRAME 70669.jpg,Duto,Evento,Dano
-,-,TCOPM16-160_OK--DVD-1--VTS_01_4.VOB FRAME 72078.jpg,Duto,Evento,Dano
-,-,TCOPM16-160_OK--DVD-1--VTS_01_4.VOB FRAME 78941.jpg,Duto,Evento,Dano
-,-,TCOPM16-160_OK--DVD-1--VTS_01_4.VOB FRAME 7912.jpg,Duto,Evento,Reparo
-,-,TCOPM16-160_OK--DVD-1--VTS_01_4.VOB FRAME 79301.jpg,Duto,Evento,Reparo
-,-,TCOPM16-160_OK--DVD-1--VTS_01_4.VOB FRAME 79840.jpg,Duto,Evento,Reparo
-,-,TCOPM16-160_OK--DVD-1--VTS_01_4.VOB FRAME 87333.jpg,Duto,Evento,Reparo
-,-,TCOPM16-160_OK--DVD-1--VTS_01_4.VOB FRAME 93237.jpg,Duto,Evento,Reparo
-,-,TCOPM16-160_OK--DVD-1--VTS_01_4.VOB FRAME 93656.jpg,Duto,Evento,Reparo
-,-,TCOPM16-160_OK--DVD-1--VTS_01_4.VOB FRAME 94795.jpg,Duto,Evento,Reparo
-,-,TCOPM16-160_OK--DVD-1--VTS_01_5.VOB FRAME 100130.jpg,Confuso,-,-
-,-,TCOPM16-160_OK--DVD-1--VTS_01_5.VOB FRAME 105105.jpg,Confuso,-,-
-,-,TCOPM16-160_OK--DVD-1--VTS_01_5.VOB FRAME 114486.jpg,Duto,Evento,Dano
-,-,TCOPM16-160_OK--DVD-1--VTS_01_5.VOB FRAME 116793.jpg,Duto,Evento,Dano
-,-,TCOPM16-160_OK--DVD-1--VTS_01_5.VOB FRAME 12947.jpg,Duto,Evento,Reparo
-,-,TCOPM16-160_OK--DVD-1--VTS_01_5.VOB FRAME 20619.jpg,Duto,Evento,Reparo
-,-,TCOPM16-160_OK--DVD-1--VTS_01_5.VOB FRAME 22987.jpg,Duto,Evento,Reparo
-,-,TCOPM16-160_OK--DVD-1--VTS_01_5.VOB FRAME 34136.jpg,Duto,Evento,Reparo
-,-,TCOPM16-160_OK--DVD-1--VTS_01_5.VOB FRAME 56793.jpg,Duto,Evento,Reparo
-,-,TCOPM16-160_OK--DVD-1--VTS_01_5.VOB FRAME 56913.jpg,Duto,Evento,Reparo
-,-,TCOPM16-160_OK--DVD-1--VTS_01_5.VOB FRAME 5844.jpg,Duto,Evento,Dano
-,-,TCOPM16-160_OK--DVD-1--VTS_01_5.VOB FRAME 58921.jpg,Duto,Evento,Dano
-,-,TCOPM16-160_OK--DVD-1--VTS_01_5.VOB FRAME 72767.jpg,Duto,Evento,Dano
-,-,TCOPM16-160_OK--DVD-1--VTS_01_5.VOB FRAME 75944.jpg,Duto,Evento,Dano
-,-,TCOPM16-160_OK--DVD-1--VTS_01_5.VOB FRAME 7912.jpg,Duto,Evento,Dano
-,-,TCOPM16-160_OK--DVD-1--VTS_01_5.VOB FRAME 86344.jpg,Duto,Evento,Reparo
-,-,TCOPM16-160_OK--DVD-1--VTS_01_5.VOB FRAME 88591.jpg,Duto,Evento,Reparo
-,-,TCOPM16-160_OK--DVD-2--VTS_01_1.VOB FRAME 390.jpg,Duto,Evento,Reparo
-,-,TCOmll15-017_OK--VTS_01_1.VOB FRAME 123806.jpg,Confuso,-,-
-,-,TCOmll15-017_OK--VTS_01_1.VOB FRAME 124226.jpg,Confuso,-,-
-,-,TCOmll15-017_OK--VTS_01_1.VOB FRAME 129560.jpg,Confuso,-,-
-,-,TCOmll15-017_OK--VTS_01_1.VOB FRAME 130729.jpg,Confuso,-,-
-,-,TCOmll15-017_OK--VTS_01_1.VOB FRAME 133666.jpg,Confuso,-,-
-,-,TCOmll15-017_OK--VTS_01_1.VOB FRAME 134476.jpg,Confuso,-,-
-,-,TCOmll15-017_OK--VTS_01_1.VOB FRAME 135315.jpg,Confuso,-,-
-,-,TCOmll15-017_OK--VTS_01_1.VOB FRAME 137383.jpg,Confuso,-,-
-,-,TCOmll15-017_OK--VTS_01_1.VOB FRAME 138641.jpg,Confuso,-,-
-,-,TCOmll15-017_OK--VTS_01_1.VOB FRAME 54635.jpg,Duto,Evento,Loop
-,-,TCOmll15-017_OK--VTS_01_1.VOB FRAME 57602.jpg,Duto,Evento,Loop
-,-,TCOmll15-017_OK--VTS_01_1.VOB FRAME 62188.jpg,Duto,Evento,Loop
-,-,TCOmll15-017_OK--VTS_01_1.VOB FRAME 65305.jpg,Duto,Evento,Loop
-,-,TCOmll15-017_OK--VTS_01_1.VOB FRAME 70460.jpg,Duto,Evento,Loop
-,-,TCOmll15-017_OK--VTS_01_1.VOB FRAME 71688.jpg,Duto,Evento,Loop
-,-,TCOmll15-017_OK--VTS_01_1.VOB FRAME 73367.jpg,Duto,Evento,Loop
-,-,TCOmll15-017_OK--VTS_01_1.VOB FRAME 78462.jpg,Duto,Evento,Loop
-,-,TCOmll15-017_OK--VTS_01_1.VOB FRAME 79600.jpg,Duto,Evento,Loop
-,-,TCOmll15-017_OK--VTS_01_1.VOB FRAME 80200.jpg,Duto,Evento,Loop
-,-,TCOmll15-017_OK--VTS_01_1.VOB FRAME 83107.jpg,Duto,Evento,Sucata
-,-,TCOmll15-017_OK--VTS_01_1.VOB FRAME 85325.jpg,Duto,Evento,Sucata
-,-,TCOmll15-017_OK--VTS_01_1.VOB FRAME 89281.jpg,Duto,Evento,Sucata
-,-,TCOmll15-017_OK--VTS_01_1.VOB FRAME 89760.jpg,Duto,Evento,Sucata
-,-,TCOmll15-017_OK--VTS_01_1.VOB FRAME 91169.jpg,Duto,Evento,Sucata
-,-,TCOmll15-017_OK--VTS_01_2.VOB FRAME 11958.jpg,Confuso,-,-
-,-,TCOmll15-017_OK--VTS_01_2.VOB FRAME 134955.jpg,Confuso,-,-
-,-,TCOmll15-017_OK--VTS_01_2.VOB FRAME 15764.jpg,Confuso,-,-
-,-,TCOmll15-017_OK--VTS_01_2.VOB FRAME 19870.jpg,Confuso,-,-
-,-,TCOmll15-017_OK--VTS_01_2.VOB FRAME 240.jpg,Confuso,-,-
-,-,TCOmll15-017_OK--VTS_01_2.VOB FRAME 26973.jpg,Confuso,-,-
-,-,TCOmll15-017_OK--VTS_01_2.VOB FRAME 32068.jpg,Confuso,-,-
-,-,TCOmll15-017_OK--VTS_01_2.VOB FRAME 35275.jpg,Confuso,-,-
-,-,TCOmll15-017_OK--VTS_01_2.VOB FRAME 38931.jpg,Confuso,-,-
-,-,TCOmll15-017_OK--VTS_01_2.VOB FRAME 39950.jpg,Confuso,-,-
-,-,TCOmll15-017_OK--VTS_01_2.VOB FRAME 60420.jpg,Confuso,-,-
-,-,TCOmll15-017_OK--VTS_01_3.VOB FRAME 2458.jpg,Duto,Evento,Anodo
-,-,TCOmll15-017_OK--VTS_01_3.VOB FRAME 40220.jpg,Duto,Evento,Anodo
-,-,TCOmll15-017_OK--VTS_01_3.VOB FRAME 4885.jpg,Confuso,-,-
-,-,TCOmll15-017_OK--VTS_01_4.VOB FRAME 8122.jpg,Duto,Evento,Flutuadores
-,-,TCOpm16-140_OK--DVD-1--VTS_01_1.VOB FRAME 108641.jpg,Duto,Evento,Sucata
-,-,TCOpm16-140_OK--DVD-1--VTS_01_1.VOB FRAME 113347.jpg,Duto,Evento,Sucata
-,-,TCOpm16-140_OK--DVD-1--VTS_01_1.VOB FRAME 117303.jpg,Duto,Evento,Sucata
-,-,TCOpm16-140_OK--DVD-1--VTS_01_1.VOB FRAME 123177.jpg,Duto,Evento,Sucata
-,-,TCOpm16-140_OK--DVD-1--VTS_01_1.VOB FRAME 125544.jpg,Duto,Evento,Enterramento
-,-,TCOpm16-140_OK--DVD-1--VTS_01_1.VOB FRAME 126204.jpg,Duto,Evento,Enterramento
-,-,TCOpm16-140_OK--DVD-1--VTS_01_1.VOB FRAME 133516.jpg,Duto,Evento,Cruzamento
-,-,TCOpm16-140_OK--DVD-1--VTS_01_1.VOB FRAME 136304.jpg,Duto,Evento,Cruzamento
-,-,TCOpm16-140_OK--DVD-1--VTS_01_1.VOB FRAME 16424.jpg,Duto,Duvida,-
-,-,TCOpm16-140_OK--DVD-1--VTS_01_1.VOB FRAME 17712.jpg,Duto,Duvida,-
-,-,TCOpm16-140_OK--DVD-1--VTS_01_1.VOB FRAME 19451.jpg,Duto,Duvida,-
-,-,TCOpm16-140_OK--DVD-1--VTS_01_1.VOB FRAME 30120.jpg,Confuso,-,-
-,-,TCOpm16-140_OK--DVD-1--VTS_01_1.VOB FRAME 54785.jpg,Duto,Duvida,-
-,-,TCOpm16-140_OK--DVD-1--VTS_01_1.VOB FRAME 57782.jpg,Duto,Duvida,-
-,-,TCOpm16-140_OK--DVD-1--VTS_01_1.VOB FRAME 59341.jpg,Duto,Duvida,-
-,-,TCOpm16-140_OK--DVD-1--VTS_01_1.VOB FRAME 61169.jpg,Duto,Duvida,-
-,-,TCOpm16-140_OK--DVD-1--VTS_01_1.VOB FRAME 62008.jpg,Duto,Duvida,-
-,-,TCOpm16-140_OK--DVD-1--VTS_01_1.VOB FRAME 64436.jpg,Duto,Duvida,-
-,-,TCOpm16-140_OK--DVD-1--VTS_01_2.VOB FRAME 101508.jpg,Duto,Evento,Enterramento
-,-,TCOpm16-140_OK--DVD-1--VTS_01_2.VOB FRAME 102857.jpg,Duto,Evento,Enterramento
-,-,TCOpm16-140_OK--DVD-1--VTS_01_2.VOB FRAME 110949.jpg,Duto,Evento,Reparo
-,-,TCOpm16-140_OK--DVD-1--VTS_01_2.VOB FRAME 114605.jpg,Duto,Evento,Reparo
-,-,TCOpm16-140_OK--DVD-1--VTS_01_2.VOB FRAME 119910.jpg,Duto,Evento,Reparo
-,-,TCOpm16-140_OK--DVD-1--VTS_01_2.VOB FRAME 122607.jpg,Duto,Evento,Reparo
-,-,TCOpm16-140_OK--DVD-1--VTS_01_2.VOB FRAME 123417.jpg,Duto,Evento,Reparo
-,-,TCOpm16-140_OK--DVD-1--VTS_01_2.VOB FRAME 125185.jpg,Duto,Evento,Reparo
-,-,TCOpm16-140_OK--DVD-1--VTS_01_2.VOB FRAME 125814.jpg,Duto,Evento,Sucata
-,-,TCOpm16-140_OK--DVD-1--VTS_01_2.VOB FRAME 129560.jpg,Duto,Evento,Reparo
-,-,TCOpm16-140_OK--DVD-1--VTS_01_2.VOB FRAME 135554.jpg,Duto,Evento,Enterramento
-,-,TCOpm16-140_OK--DVD-1--VTS_01_2.VOB FRAME 1558.jpg,Duto,Evento,Cruzamento
-,-,TCOpm16-140_OK--DVD-1--VTS_01_2.VOB FRAME 18911.jpg,Duto,Evento,Sucata
-,-,TCOpm16-140_OK--DVD-1--VTS_01_2.VOB FRAME 33417.jpg,Duto,Evento,Sucata
-,-,TCOpm16-140_OK--DVD-1--VTS_01_2.VOB FRAME 42617.jpg,Duto,Nao_Evento,-
-,-,TCOpm16-140_OK--DVD-1--VTS_01_2.VOB FRAME 42797.jpg,Duto,Nao_Evento,-
-,-,TCOpm16-140_OK--DVD-1--VTS_01_2.VOB FRAME 44805.jpg,Duto,Nao_Evento,-
-,-,TCOpm16-140_OK--DVD-1--VTS_01_2.VOB FRAME 48012.jpg,Duto,Evento,Sucata
-,-,TCOpm16-140_OK--DVD-1--VTS_01_2.VOB FRAME 51728.jpg,Duto,Nao_Evento,-
-,-,TCOpm16-140_OK--DVD-1--VTS_01_2.VOB FRAME 58322.jpg,Duto,Evento,Sucata
-,-,TCOpm16-140_OK--DVD-1--VTS_01_2.VOB FRAME 61948.jpg,Duto,Nao_Evento,-
-,-,TCOpm16-140_OK--DVD-1--VTS_01_2.VOB FRAME 69381.jpg,Duto,Evento,Enterramento
-,-,TCOpm16-140_OK--DVD-1--VTS_01_2.VOB FRAME 74026.jpg,Duto,Evento,Sucata
-,-,TCOpm16-140_OK--DVD-1--VTS_01_2.VOB FRAME 93596.jpg,Duto,Evento,Enterramento
-,-,TCOpm16-140_OK--DVD-1--VTS_01_2.VOB FRAME 94675.jpg,Duto,Evento,Enterramento
-,-,TCOpm16-140_OK--DVD-1--VTS_01_2.VOB FRAME 99980.jpg,Duto,Evento,Enterramento
-,-,TCOpm16-140_OK--DVD-1--VTS_01_3.VOB FRAME 104505.jpg,Duto,Evento,Loop
-,-,TCOpm16-140_OK--DVD-1--VTS_01_3.VOB FRAME 106783.jpg,Duto,Evento,Enterramento
-,-,TCOpm16-140_OK--DVD-1--VTS_01_3.VOB FRAME 114396.jpg,Duto,Evento,Enterramento
-,-,TCOpm16-140_OK--DVD-1--VTS_01_3.VOB FRAME 124406.jpg,Duto,Evento,Enterramento
-,-,TCOpm16-140_OK--DVD-1--VTS_01_3.VOB FRAME 135045.jpg,Duto,Evento,Enterramento
-,-,TCOpm16-140_OK--DVD-1--VTS_01_3.VOB FRAME 136424.jpg,Duto,Evento,Enterramento
-,-,TCOpm16-140_OK--DVD-1--VTS_01_3.VOB FRAME 136633.jpg,Duto,Evento,Enterramento
-,-,TCOpm16-140_OK--DVD-1--VTS_01_3.VOB FRAME 2008.jpg,Duto,Evento,Enterramento
-,-,TCOpm16-140_OK--DVD-1--VTS_01_3.VOB FRAME 2038.jpg,Duto,Evento,Enterramento
-,-,TCOpm16-140_OK--DVD-1--VTS_01_3.VOB FRAME 25564.jpg,Duto,Evento,Dano
-,-,TCOpm16-140_OK--DVD-1--VTS_01_3.VOB FRAME 25654.jpg,Duto,Evento,Dano
-,-,TCOpm16-140_OK--DVD-1--VTS_01_3.VOB FRAME 26254.jpg,Duto,Evento,Dano
-,-,TCOpm16-140_OK--DVD-1--VTS_01_3.VOB FRAME 27572.jpg,Duto,Evento,Dano
-,-,TCOpm16-140_OK--DVD-1--VTS_01_3.VOB FRAME 33477.jpg,Duto,Evento,Dano
-,-,TCOpm16-140_OK--DVD-1--VTS_01_3.VOB FRAME 36174.jpg,Duto,Evento,Dano
-,-,TCOpm16-140_OK--DVD-1--VTS_01_3.VOB FRAME 38452.jpg,Duto,Evento,Sucata
-,-,TCOpm16-140_OK--DVD-1--VTS_01_3.VOB FRAME 40100.jpg,Duto,Evento,Enterramento
-,-,TCOpm16-140_OK--DVD-1--VTS_01_3.VOB FRAME 43546.jpg,Duto,Evento,Enterramento
-,-,TCOpm16-140_OK--DVD-1--VTS_01_3.VOB FRAME 44026.jpg,Duto,Evento,Enterramento
-,-,TCOpm16-140_OK--DVD-1--VTS_01_3.VOB FRAME 45135.jpg,Duto,Evento,Enterramento
-,-,TCOpm16-140_OK--DVD-1--VTS_01_3.VOB FRAME 45884.jpg,Duto,Evento,Enterramento
-,-,TCOpm16-140_OK--DVD-1--VTS_01_3.VOB FRAME 48971.jpg,Duto,Evento,Enterramento
-,-,TCOpm16-140_OK--DVD-1--VTS_01_3.VOB FRAME 49181.jpg,Duto,Evento,Enterramento
-,-,TCOpm16-140_OK--DVD-1--VTS_01_3.VOB FRAME 50290.jpg,Duto,Evento,Enterramento
-,-,TCOpm16-140_OK--DVD-1--VTS_01_3.VOB FRAME 59011.jpg,Duto,Evento,Sucata
-,-,TCOpm16-140_OK--DVD-1--VTS_01_3.VOB FRAME 67223.jpg,Duto,Evento,Loop
-,-,TCOpm16-140_OK--DVD-1--VTS_01_3.VOB FRAME 7852.jpg,Duto,Evento,Enterramento
-,-,TCOpm16-140_OK--DVD-1--VTS_01_3.VOB FRAME 81489.jpg,Duto,Evento,Loop
-,-,TCOpm16-140_OK--DVD-1--VTS_01_3.VOB FRAME 8152.jpg,Duto,Evento,Enterramento
-,-,TCOpm16-140_OK--DVD-1--VTS_01_3.VOB FRAME 81818.jpg,Duto,Evento,Loop
-,-,TCOpm16-140_OK--DVD-1--VTS_01_3.VOB FRAME 82178.jpg,Duto,Evento,Loop
-,-,TCOpm16-140_OK--DVD-1--VTS_01_3.VOB FRAME 87063.jpg,Duto,Nao_Evento,-
-,-,TCOpm16-140_OK--DVD-1--VTS_01_3.VOB FRAME 8841.jpg,Duto,Evento,Enterramento
-,-,TCOpm16-140_OK--DVD-1--VTS_01_3.VOB FRAME 88861.jpg,Duto,Evento,Loop
-,-,TCOpm16-140_OK--DVD-1--VTS_01_4.VOB FRAME 110110.jpg,Duto,Evento,Enterramento
-,-,TCOpm16-140_OK--DVD-1--VTS_01_4.VOB FRAME 115834.jpg,Duto,Evento,Enterramento
-,-,TCOpm16-140_OK--DVD-1--VTS_01_4.VOB FRAME 11748.jpg,Duto,Evento,Enterramento
-,-,TCOpm16-140_OK--DVD-1--VTS_01_4.VOB FRAME 119520.jpg,Duto,Evento,Enterramento
-,-,TCOpm16-140_OK--DVD-1--VTS_01_4.VOB FRAME 131718.jpg,Duto,Evento,Enterramento
-,-,TCOpm16-140_OK--DVD-1--VTS_01_4.VOB FRAME 136184.jpg,Duto,Evento,Enterramento
-,-,TCOpm16-140_OK--DVD-1--VTS_01_4.VOB FRAME 1588.jpg,Duto,Evento,Enterramento
-,-,TCOpm16-140_OK--DVD-1--VTS_01_4.VOB FRAME 17323.jpg,Duto,Evento,Enterramento
-,-,TCOpm16-140_OK--DVD-1--VTS_01_4.VOB FRAME 19121.jpg,Duto,Evento,Enterramento
-,-,TCOpm16-140_OK--DVD-1--VTS_01_4.VOB FRAME 2218.jpg,Duto,Evento,Enterramento
-,-,TCOpm16-140_OK--DVD-1--VTS_01_4.VOB FRAME 2278.jpg,Duto,Evento,Enterramento
-,-,TCOpm16-140_OK--DVD-1--VTS_01_4.VOB FRAME 32428.jpg,Duto,Evento,Enterramento
-,-,TCOpm16-140_OK--DVD-1--VTS_01_4.VOB FRAME 34166.jpg,Duto,Evento,Enterramento
-,-,TCOpm16-140_OK--DVD-1--VTS_01_4.VOB FRAME 37013.jpg,Duto,Evento,Enterramento
-,-,TCOpm16-140_OK--DVD-1--VTS_01_4.VOB FRAME 38661.jpg,Duto,Evento,Enterramento
-,-,TCOpm16-140_OK--DVD-1--VTS_01_4.VOB FRAME 40160.jpg,Duto,Evento,Enterramento
-,-,TCOpm16-140_OK--DVD-1--VTS_01_4.VOB FRAME 50050.jpg,Duto,Evento,Enterramento
-,-,TCOpm16-140_OK--DVD-1--VTS_01_4.VOB FRAME 52987.jpg,Duto,Evento,Enterramento
-,-,TCOpm16-140_OK--DVD-1--VTS_01_4.VOB FRAME 54186.jpg,Duto,Evento,Enterramento
-,-,TCOpm16-140_OK--DVD-1--VTS_01_4.VOB FRAME 60.jpg,Duto,Evento,Enterramento
-,-,TCOpm16-140_OK--DVD-1--VTS_01_4.VOB FRAME 6953.jpg,Duto,Evento,Enterramento
-,-,TCOpm16-140_OK--DVD-1--VTS_01_4.VOB FRAME 73157.jpg,Duto,Evento,Enterramento
-,-,TCOpm16-140_OK--DVD-1--VTS_01_4.VOB FRAME 78222.jpg,Duto,Evento,Reparo
-,-,TCOpm16-140_OK--DVD-1--VTS_01_4.VOB FRAME 92008.jpg,Duto,Evento,Enterramento
-,-,TCOpm16-140_OK--DVD-1--VTS_01_4.VOB FRAME 94046.jpg,Duto,Evento,Enterramento
-,-,TCOpm16-140_OK--DVD-1--VTS_01_5.VOB FRAME 0.jpg,Duto,Evento,Enterramento
-,-,TCOpm16-140_OK--DVD-1--VTS_01_5.VOB FRAME 11838.jpg,Duto,Evento,Sucata
-,-,TCOpm16-140_OK--DVD-1--VTS_01_5.VOB FRAME 13546.jpg,Duto,Evento,Enterramento
-,-,TCOpm16-140_OK--DVD-1--VTS_01_5.VOB FRAME 13726.jpg,Duto,Evento,Enterramento
-,-,TCOpm16-140_OK--DVD-1--VTS_01_5.VOB FRAME 13756.jpg,Duto,Evento,Enterramento
-,-,TCOpm16-140_OK--DVD-1--VTS_01_5.VOB FRAME 2008.jpg,Duto,Evento,Enterramento
-,-,TCOpm16-140_OK--DVD-1--VTS_01_5.VOB FRAME 20679.jpg,Duto,Evento,Enterramento
-,-,TCOpm16-140_OK--DVD-1--VTS_01_5.VOB FRAME 22807.jpg,Duto,Evento,Sucata
-,-,TCOpm16-140_OK--DVD-1--VTS_01_5.VOB FRAME 26523.jpg,Duto,Evento,Sucata
-,-,TCOpm16-140_OK--DVD-1--VTS_01_5.VOB FRAME 4316.jpg,Duto,Evento,Enterramento
-,-,TCOpm16-140_OK--DVD-1--VTS_01_5.VOB FRAME 82987.jpg,Duto,Evento,Enterramento
-,-,TCOpm16-140_OK--DVD-1--VTS_01_5.VOB FRAME 85744.jpg,Duto,Evento,Enterramento
-,-,TCOpm16-140_OK--DVD-1--VTS_01_5.VOB FRAME 90480.jpg,Duto,Evento,Enterramento
-,-,TCOpm16-140_OK--DVD-1--VTS_01_5.VOB FRAME 9141.jpg,Duto,Evento,Enterramento
-,-,TCOpm16-140_OK--DVD-1--VTS_01_5.VOB FRAME 91888.jpg,Duto,Evento,Enterramento
-,-,TCOpm16-140_OK--DVD-1--VTS_01_5.VOB FRAME 92278.jpg,Duto,Evento,Enterramento
-,-,TCOpm16-140_OK--DVD-2--VTS_01_1.VOB FRAME 109031.jpg,Duto,Evento,Dano
-,-,TCOpm16-140_OK--DVD-2--VTS_01_1.VOB FRAME 109451.jpg,Duto,Evento,Dano
-,-,TCOpm16-140_OK--DVD-2--VTS_01_1.VOB FRAME 110589.jpg,Duto,Evento,Enterramento
-,-,TCOpm16-140_OK--DVD-2--VTS_01_1.VOB FRAME 116703.jpg,Duto,Evento,Enterramento
-,-,TCOpm16-140_OK--DVD-2--VTS_01_1.VOB FRAME 117093.jpg,Duto,Evento,Enterramento
-,-,TCOpm16-140_OK--DVD-2--VTS_01_1.VOB FRAME 121259.jpg,Duto,Evento,Enterramento
-,-,TCOpm16-140_OK--DVD-2--VTS_01_1.VOB FRAME 125035.jpg,Duto,Evento,Enterramento
-,-,TCOpm16-140_OK--DVD-2--VTS_01_1.VOB FRAME 130909.jpg,Duto,Evento,Enterramento
-,-,TCOpm16-140_OK--DVD-2--VTS_01_1.VOB FRAME 133067.jpg,Duto,Evento,Enterramento
-,-,TCOpm16-140_OK--DVD-2--VTS_01_1.VOB FRAME 135674.jpg,Duto,Evento,Enterramento
-,-,TCOpm16-140_OK--DVD-2--VTS_01_1.VOB FRAME 135824.jpg,Duto,Evento,Enterramento
-,-,TCOpm16-140_OK--DVD-2--VTS_01_1.VOB FRAME 136124.jpg,Duto,Evento,Enterramento
-,-,TCOpm16-140_OK--DVD-2--VTS_01_1.VOB FRAME 137712.jpg,Duto,Evento,Enterramento
-,-,TCOpm16-140_OK--DVD-2--VTS_01_1.VOB FRAME 19600.jpg,Duto,Evento,Enterramento
-,-,TCOpm16-140_OK--DVD-2--VTS_01_1.VOB FRAME 22717.jpg,Duto,Evento,Enterramento
-,-,TCOpm16-140_OK--DVD-2--VTS_01_1.VOB FRAME 26494.jpg,Duto,Evento,Enterramento
-,-,TCOpm16-140_OK--DVD-2--VTS_01_1.VOB FRAME 37043.jpg,Duto,Evento,Enterramento
-,-,TCOpm16-140_OK--DVD-2--VTS_01_1.VOB FRAME 37163.jpg,Duto,Evento,Enterramento
-,-,TCOpm16-140_OK--DVD-2--VTS_01_1.VOB FRAME 38302.jpg,Duto,Evento,Enterramento
-,-,TCOpm16-140_OK--DVD-2--VTS_01_1.VOB FRAME 52537.jpg,Duto,Evento,Enterramento
-,-,TCOpm16-140_OK--DVD-2--VTS_01_1.VOB FRAME 54695.jpg,Duto,Evento,Enterramento
-,-,TCOpm16-140_OK--DVD-2--VTS_01_1.VOB FRAME 54845.jpg,Duto,Evento,Enterramento
-,-,TCOpm16-140_OK--DVD-2--VTS_01_1.VOB FRAME 61499.jpg,Duto,Evento,Enterramento
-,-,TCOpm16-140_OK--DVD-2--VTS_01_1.VOB FRAME 64885.jpg,Duto,Evento,Enterramento
-,-,TCOpm16-140_OK--DVD-2--VTS_01_1.VOB FRAME 68182.jpg,Duto,Evento,Enterramento
-,-,TCOpm16-140_OK--DVD-2--VTS_01_1.VOB FRAME 92517.jpg,Duto,Evento,Enterramento
-,-,TCOpm16-140_OK--DVD-2--VTS_01_2.VOB FRAME 125155.jpg,Duto,Evento,Enterramento
-,-,TCOpm16-140_OK--DVD-2--VTS_01_2.VOB FRAME 16244.jpg,Duto,Evento,Enterramento
-,-,TCOpm16-140_OK--DVD-2--VTS_01_2.VOB FRAME 1648.jpg,Duto,Evento,Enterramento
-,-,TCOpm16-140_OK--DVD-2--VTS_01_2.VOB FRAME 18551.jpg,Duto,Evento,Enterramento
-,-,TCOpm16-140_OK--DVD-2--VTS_01_2.VOB FRAME 35125.jpg,Duto,Evento,Enterramento
-,-,TCOpm16-140_OK--DVD-2--VTS_01_2.VOB FRAME 36354.jpg,Duto,Evento,Enterramento
-,-,TCOpm16-140_OK--DVD-2--VTS_01_2.VOB FRAME 37552.jpg,Duto,Evento,Enterramento
-,-,TCOpm16-140_OK--DVD-2--VTS_01_2.VOB FRAME 48731.jpg,Duto,Evento,Enterramento
-,-,TCOpm16-140_OK--DVD-2--VTS_01_2.VOB FRAME 50020.jpg,Duto,Evento,Reparo
-,-,TCOpm16-140_OK--DVD-2--VTS_01_2.VOB FRAME 52448.jpg,Duto,Evento,Enterramento
-,-,TCOpm16-140_OK--DVD-2--VTS_01_2.VOB FRAME 53077.jpg,Duto,Evento,Enterramento
-,-,TCOpm16-140_OK--DVD-2--VTS_01_2.VOB FRAME 54366.jpg,Confuso,-,-
-,-,TCOpm16-140_OK--DVD-2--VTS_01_2.VOB FRAME 60.jpg,Duto,Evento,Enterramento
-,-,TCOpm16-140_OK--DVD-2--VTS_01_2.VOB FRAME 65664.jpg,Duto,Evento,Enterramento
-,-,TCOpm16-140_OK--DVD-2--VTS_01_2.VOB FRAME 65934.jpg,Duto,Evento,Enterramento
-,-,TCOpm16-140_OK--DVD-2--VTS_01_2.VOB FRAME 68871.jpg,Duto,Evento,Enterramento
-,-,TCOpm16-140_OK--DVD-2--VTS_01_2.VOB FRAME 7133.jpg,Duto,Evento,Enterramento
-,-,TCOpm16-140_OK--DVD-2--VTS_01_2.VOB FRAME 77473.jpg,Duto,Evento,Enterramento
-,-,TCOpm16-140_OK--DVD-2--VTS_01_2.VOB FRAME 86104.jpg,Duto,Evento,Enterramento
-,-,TCOpm16-140_OK--DVD-2--VTS_01_2.VOB FRAME 90330.jpg,Duto,Evento,Enterramento
-,-,TCOpm16-140_OK--DVD-2--VTS_01_2.VOB FRAME 90569.jpg,Duto,Evento,Enterramento
-,-,TCOpm16-140_OK--DVD-2--VTS_01_2.VOB FRAME 90689.jpg,Duto,Evento,Enterramento
-,-,TCOpm16-140_OK--DVD-2--VTS_01_2.VOB FRAME 90869.jpg,Duto,Evento,Enterramento
-,-,TCOpm16-140_OK--DVD-2--VTS_01_2.VOB FRAME 93566.jpg,Duto,Evento,Enterramento
-,-,TCOpm16-140_OK--DVD-2--VTS_01_3.VOB FRAME 929.jpg,Duto,Evento,Enterramento
-,-,TCOpm16-140_OK--DVD-2--VTS_01_4.VOB FRAME 60509.jpg,Duto,Evento,Sucata
-,-,TCOpm16-140_OK--DVD-2--VTS_01_4.VOB FRAME 61738.jpg,Duto,Evento,Flange
-,-,TCOpm16-140_OK--DVD-2--VTS_01_4.VOB FRAME 78192.jpg,Duto,Evento,Sucata
-,-,TCOpm16-140_OK--DVD-2--VTS_01_4.VOB FRAME 89431.jpg,Duto,Evento,Sucata
-,-,TCOpm16-140_OK--DVD-2--VTS_01_4.VOB FRAME 91199.jpg,Confuso,-,-
-,-,TCOpm16-140_OK--DVD-2--VTS_01_4.VOB FRAME 96593.jpg,Duto,Evento,Sucata
-,-,TCOpm16-140_OK--DVD-2--VTS_01_5.VOB FRAME 14655.jpg,Duto,Evento,Cruzamento
-,-,TCOpm16-140_OK--DVD-2--VTS_01_5.VOB FRAME 17832.jpg,Duto,Evento,Cruzamento
-,-,TCOpm16-140_OK--DVD-3--VTS_01_1.VOB FRAME 108072.jpg,Duto,Evento,Dano
-,-,TCOpm16-140_OK--DVD-3--VTS_01_1.VOB FRAME 111189.jpg,Duto,Evento,Dano
-,-,TCOpm16-140_OK--DVD-3--VTS_01_1.VOB FRAME 111878.jpg,Duto,Evento,Dano
-,-,TCOpm16-140_OK--DVD-3--VTS_01_1.VOB FRAME 112358.jpg,Duto,Evento,Dano
-,-,TCOpm16-140_OK--DVD-3--VTS_01_1.VOB FRAME 115265.jpg,Duto,Evento,Dano
-,-,TCOpm16-140_OK--DVD-3--VTS_01_1.VOB FRAME 118891.jpg,Duto,Evento,Dano
-,-,TCOpm16-140_OK--DVD-3--VTS_01_1.VOB FRAME 121229.jpg,Duto,Evento,Dano
-,-,TCOpm16-140_OK--DVD-3--VTS_01_1.VOB FRAME 123566.jpg,Duto,Evento,Dano
-,-,TCOpm16-140_OK--DVD-3--VTS_01_1.VOB FRAME 126024.jpg,Duto,Evento,Dano
-,-,TCOpm16-140_OK--DVD-3--VTS_01_1.VOB FRAME 127043.jpg,Duto,Evento,Dano
-,-,TCOpm16-140_OK--DVD-3--VTS_01_1.VOB FRAME 127133.jpg,Duto,Evento,Dano
-,-,TCOpm16-140_OK--DVD-3--VTS_01_1.VOB FRAME 133546.jpg,Duto,Evento,Dano
-,-,TCOpm16-140_OK--DVD-3--VTS_01_1.VOB FRAME 35155.jpg,Duto,Evento,Dano
-,-,TCOpm16-140_OK--DVD-3--VTS_01_1.VOB FRAME 35604.jpg,Duto,Evento,Dano
-,-,TCOpm16-140_OK--DVD-3--VTS_01_1.VOB FRAME 55894.jpg,Duto,Evento,Dano
-,-,TCOpm16-140_OK--DVD-3--VTS_01_1.VOB FRAME 57003.jpg,Duto,Evento,Dano
-,-,TCOpm16-140_OK--DVD-3--VTS_01_1.VOB FRAME 58921.jpg,Duto,Evento,Dano
-,-,TCOpm16-140_OK--DVD-3--VTS_01_1.VOB FRAME 60509.jpg,Duto,Evento,Dano
-,-,TCOpm16-140_OK--DVD-3--VTS_01_1.VOB FRAME 66384.jpg,Duto,Evento,Dano
-,-,TCOpm16-140_OK--DVD-3--VTS_01_1.VOB FRAME 66623.jpg,Duto,Evento,Dano
-,-,TCOpm16-140_OK--DVD-3--VTS_01_1.VOB FRAME 66713.jpg,Duto,Evento,Dano
-,-,TCOpm16-140_OK--DVD-3--VTS_01_1.VOB FRAME 68272.jpg,Duto,Evento,Dano
-,-,TCOpm16-140_OK--DVD-3--VTS_01_1.VOB FRAME 71928.jpg,Duto,Evento,Dano
-,-,TCOpm16-140_OK--DVD-3--VTS_01_1.VOB FRAME 72348.jpg,Duto,Evento,Dano
-,-,TCOpm16-140_OK--DVD-3--VTS_01_1.VOB FRAME 75465.jpg,Duto,Evento,Dano
-,-,TCOpm16-140_OK--DVD-3--VTS_01_1.VOB FRAME 75794.jpg,Duto,Evento,Dano
-,-,TCOpm16-140_OK--DVD-3--VTS_01_1.VOB FRAME 76334.jpg,Duto,Evento,Dano
-,-,TCOpm16-140_OK--DVD-3--VTS_01_1.VOB FRAME 76723.jpg,Duto,Evento,Dano
-,-,TCOpm16-140_OK--DVD-3--VTS_01_1.VOB FRAME 76963.jpg,Duto,Evento,Dano
-,-,TCOpm16-140_OK--DVD-3--VTS_01_1.VOB FRAME 77143.jpg,Duto,Evento,Dano
-,-,TCOpm16-140_OK--DVD-3--VTS_01_1.VOB FRAME 80440.jpg,Duto,Evento,Dano
-,-,TCOpm16-140_OK--DVD-3--VTS_01_1.VOB FRAME 81309.jpg,Duto,Evento,Dano
-,-,TCOpm16-140_OK--DVD-3--VTS_01_1.VOB FRAME 92398.jpg,Duto,Evento,Dano
-,-,TCOpm16-140_OK--DVD-3--VTS_01_1.VOB FRAME 93566.jpg,Duto,Evento,Dano
-,-,TCOpm16-140_OK--DVD-3--VTS_01_4.VOB FRAME 25864.jpg,Duto,Evento,Enterramento
-,-,TCOpm16-140_OK--DVD-3--VTS_01_4.VOB FRAME 47802.jpg,Duto,Evento,Enterramento
-,-,TCOpm16-140_OK--DVD-3--VTS_01_4.VOB FRAME 93267.jpg,Duto,Evento,Enterramento
-,-,TCOpm16-140_OK--DVD-3--VTS_01_4.VOB FRAME 93297.jpg,Duto,Evento,Enterramento
-,-,TCOpm16-140_OK--DVD-3--VTS_01_5.VOB FRAME 17023.jpg,Duto,Evento,Sucata
-,-,TCOpm16-140_OK--DVD-3--VTS_01_5.VOB FRAME 25175.jpg,Duto,Duvida,-
-,-,TCOpm16-140_OK--DVD-3--VTS_01_5.VOB FRAME 42438.jpg,Duto,Evento,Sucata
-,-,TCOpm16-140_OK--DVD-3--VTS_01_5.VOB FRAME 44176.jpg,Duto,Evento,Sucata
-,-,TCOpm16-140_OK--DVD-3--VTS_01_5.VOB FRAME 45854.jpg,Duto,Evento,Sucata
-,-,TCOpm16-140_OK--DVD-3--VTS_01_5.VOB FRAME 48222.jpg,Confuso,-,-
-,-,TCOpm16-140_OK--DVD-3--VTS_01_5.VOB FRAME 48821.jpg,Duto,Evento,Sucata
-,-,TCOpm16-140_OK--DVD-3--VTS_01_5.VOB FRAME 6384.jpg,Duto,Evento,Cruzamento
-,-,TCOpm16-140_OK--DVD-4--VTS_01_1 (1).VOB FRAME 116703.jpg,Duto,Evento,Sucata
-,-,TCOpm16-140_OK--DVD-4--VTS_01_1 (1).VOB FRAME 2667.jpg,Duto,Evento,Sucata
-,-,TCOpm16-140_OK--DVD-4--VTS_01_1 (1).VOB FRAME 47862.jpg,Duto,Evento,Sucata
-,-,TCOpm16-140_OK--DVD-4--VTS_01_1 (1).VOB FRAME 67163.jpg,Duto,Evento,Sucata
-,-,TCOpm16-140_OK--DVD-4--VTS_01_1 (1).VOB FRAME 67433.jpg,Duto,Evento,Sucata
-,-,TCOpm16-140_OK--DVD-4--VTS_01_1 (1).VOB FRAME 94915.jpg,Duto,Evento,Sucata
-,-,TCOpm16-140_OK--DVD-4--VTS_01_2.VOB FRAME 117782.jpg,Duto,Evento,Enterramento
-,-,TCOpm16-140_OK--DVD-4--VTS_01_2.VOB FRAME 125155.jpg,Duto,Evento,Enterramento
-,-,TCOpm16-140_OK--DVD-4--VTS_01_2.VOB FRAME 133966.jpg,Duto,Evento,Enterramento
-,-,TCOpm16-140_OK--DVD-4--VTS_01_2.VOB FRAME 22987.jpg,Duto,Evento,Sucata
-,-,TCOpm16-140_OK--DVD-4--VTS_01_2.VOB FRAME 42438.jpg,Duto,Evento,Sucata
-,-,TCOpm16-140_OK--DVD-4--VTS_01_2.VOB FRAME 44985.jpg,Duto,Evento,Sucata
-,-,TCOpm16-140_OK--DVD-4--VTS_01_3.VOB FRAME 127253.jpg,Duto,Evento,Enterramento
-,-,TCOpm16-140_OK--DVD-4--VTS_01_3.VOB FRAME 138851.jpg,Duto,Evento,Enterramento
-,-,TCOpm16-140_OK--DVD-4--VTS_01_3.VOB FRAME 3177.jpg,Duto,Evento,Sucata
-,-,TCOpm16-140_OK--DVD-4--VTS_01_3.VOB FRAME 49750.jpg,Duto,Evento,Enterramento
-,-,TCOpm16-140_OK--DVD-4--VTS_01_3.VOB FRAME 50140.jpg,Duto,Evento,Enterramento
-,-,TCOpm16-140_OK--DVD-4--VTS_01_3.VOB FRAME 88591.jpg,Duto,Evento,Enterramento
-,-,TCOpm16-140_OK--DVD-4--VTS_01_4.VOB FRAME 119431.jpg,Duto,Evento,Enterramento
-,-,TCOpm16-140_OK--DVD-4--VTS_01_4.VOB FRAME 120539.jpg,Duto,Evento,Enterramento
-,-,TCOpm16-140_OK--DVD-4--VTS_01_4.VOB FRAME 120869.jpg,Duto,Evento,Enterramento
-,-,TCOpm16-140_OK--DVD-4--VTS_01_4.VOB FRAME 138042.jpg,Duto,Evento,Enterramento
-,-,TCOpm16-140_OK--DVD-4--VTS_01_4.VOB FRAME 138851.jpg,Duto,Evento,Sucata
-,-,TCOpm16-140_OK--DVD-4--VTS_01_4.VOB FRAME 1409.jpg,Duto,Evento,Enterramento
-,-,TCOpm16-140_OK--DVD-4--VTS_01_4.VOB FRAME 34406.jpg,Duto,Evento,Sucata
-,-,TCOpm16-140_OK--DVD-4--VTS_01_4.VOB FRAME 73876.jpg,Duto,Evento,Sucata
-,-,TCOpm16-140_OK--DVD-4--VTS_01_5.VOB FRAME 12228.jpg,Duto,Evento,Enterramento
-,-,TCOpm16-140_OK--DVD-4--VTS_01_5.VOB FRAME 14266.jpg,Duto,Evento,Sucata
-,-,TCOpm16-140_OK--DVD-4--VTS_01_5.VOB FRAME 1499.jpg,Duto,Evento,Sucata
-,-,TCOpm16-140_OK--DVD-4--VTS_01_5.VOB FRAME 1558.jpg,Duto,Evento,Sucata
-,-,TCOpm16-140_OK--DVD-4--VTS_01_5.VOB FRAME 16454.jpg,Duto,Evento,Sucata
-,-,TCOpm16-140_OK--DVD-4--VTS_01_5.VOB FRAME 17473.jpg,Duto,Evento,Sucata
-,-,TCOpm16-140_OK--DVD-4--VTS_01_5.VOB FRAME 20949.jpg,Duto,Evento,Sucata
-,-,TCOpm16-140_OK--DVD-4--VTS_01_5.VOB FRAME 30569.jpg,Duto,Evento,Sucata
-,-,TCOpm16-140_OK--DVD-4--VTS_01_5.VOB FRAME 36144.jpg,Duto,Evento,Sucata
-,-,TCOpm16-140_OK--DVD-4--VTS_01_5.VOB FRAME 43876.jpg,Duto,Evento,Sucata
-,-,TCOpm16-140_OK--DVD-4--VTS_01_5.VOB FRAME 46154.jpg,Duto,Evento,Enterramento
-,-,TCOpm16-140_OK--DVD-4--VTS_01_5.VOB FRAME 46543.jpg,Duto,Evento,Dano
-,-,TCOpm16-140_OK--DVD-4--VTS_01_5.VOB FRAME 55954.jpg,Duto,Evento,Enterramento
-,-,TCOpm16-140_OK--DVD-4--VTS_01_5.VOB FRAME 61349.jpg,Duto,Evento,Enterramento
-,-,TCOpm16-140_OK--DVD-4--VTS_01_5.VOB FRAME 61528.jpg,Duto,Evento,Dano
-,-,TCOpm16-140_OK--DVD-4--VTS_01_5.VOB FRAME 62068.jpg,Duto,Evento,Dano
-,-,TCOpm16-140_OK--DVD-4--VTS_01_5.VOB FRAME 63536.jpg,Duto,Evento,Sucata
-,-,TCOpm16-140_OK--DVD-4--VTS_01_5.VOB FRAME 63956.jpg,Duto,Evento,Enterramento
-,-,TCOpm16-140_OK--DVD-4--VTS_01_5.VOB FRAME 65215.jpg,Duto,Evento,Enterramento
-,-,TCOpm16-140_OK--DVD-4--VTS_01_5.VOB FRAME 70070.jpg,Duto,Evento,Sucata
-,-,TCOpm16-140_OK--DVD-4--VTS_01_5.VOB FRAME 7882.jpg,Duto,Evento,Sucata
-,-,TCOpm16-140_OK--DVD-5--VTS_01_1.VOB FRAME 10160.jpg,Duto,Evento,Enterramento
-,-,TCOpm16-140_OK--DVD-5--VTS_01_1.VOB FRAME 107892.jpg,Duto,Evento,Reparo
-,-,TCOpm16-140_OK--DVD-5--VTS_01_1.VOB FRAME 108971.jpg,Duto,Evento,Reparo
-,-,TCOpm16-140_OK--DVD-5--VTS_01_1.VOB FRAME 109481.jpg,Duto,Evento,Reparo
-,-,TCOpm16-140_OK--DVD-5--VTS_01_1.VOB FRAME 111039.jpg,Duto,Evento,Reparo
-,-,TCOpm16-140_OK--DVD-5--VTS_01_1.VOB FRAME 133427.jpg,Duto,Duvida,-
-,-,TCOpm16-140_OK--DVD-5--VTS_01_1.VOB FRAME 14985.jpg,Duto,Evento,Enterramento
-,-,TCOpm16-140_OK--DVD-5--VTS_01_1.VOB FRAME 18222.jpg,Duto,Evento,Enterramento
-,-,TCOpm16-140_OK--DVD-5--VTS_01_1.VOB FRAME 29670.jpg,Duto,Duvida,-
-,-,TCOpm16-140_OK--DVD-5--VTS_01_1.VOB FRAME 30929.jpg,Duto,Duvida,-
-,-,TCOpm16-140_OK--DVD-5--VTS_01_1.VOB FRAME 40070.jpg,Duto,Evento,Reparo
-,-,TCOpm16-140_OK--DVD-5--VTS_01_1.VOB FRAME 43217.jpg,Duto,Evento,Reparo
-,-,TCOpm16-140_OK--DVD-5--VTS_01_1.VOB FRAME 48911.jpg,Duto,Evento,Enterramento
-,-,TCOpm16-140_OK--DVD-5--VTS_01_1.VOB FRAME 57423.jpg,Duto,Evento,Enterramento
-,-,TCOpm16-140_OK--DVD-5--VTS_01_1.VOB FRAME 57812.jpg,Duto,Evento,Enterramento
-,-,TCOpm16-140_OK--DVD-5--VTS_01_1.VOB FRAME 59760.jpg,Duto,Evento,Enterramento
-,-,TCOpm16-140_OK--DVD-5--VTS_01_1.VOB FRAME 60090.jpg,Duto,Evento,Enterramento
-,-,TCOpm16-140_OK--DVD-5--VTS_01_1.VOB FRAME 63177.jpg,Duto,Evento,Enterramento
-,-,TCOpm16-140_OK--DVD-5--VTS_01_1.VOB FRAME 82687.jpg,Duto,Evento,Enterramento
-,-,TCOpm16-140_OK--DVD-5--VTS_01_1.VOB FRAME 84815.jpg,Duto,Evento,Enterramento
-,-,TCOpm16-140_OK--DVD-5--VTS_01_2.VOB FRAME 10280.jpg,Duto,Evento,Enterramento
-,-,TCOpm16-140_OK--DVD-5--VTS_01_2.VOB FRAME 108701.jpg,Duto,Evento,Sucata
-,-,TCOpm16-140_OK--DVD-5--VTS_01_2.VOB FRAME 113047.jpg,Duto,Evento,Sucata
-,-,TCOpm16-140_OK--DVD-5--VTS_01_2.VOB FRAME 121199.jpg,Duto,Evento,Sucata
-,-,TCOpm16-140_OK--DVD-5--VTS_01_2.VOB FRAME 127133.jpg,Duto,Evento,Sucata
-,-,TCOpm16-140_OK--DVD-5--VTS_01_2.VOB FRAME 15974.jpg,Duto,Evento,Sucata
-,-,TCOpm16-140_OK--DVD-5--VTS_01_2.VOB FRAME 29101.jpg,Confuso,-,-
-,-,TCOpm16-140_OK--DVD-5--VTS_01_2.VOB FRAME 31469.jpg,Confuso,-,-
-,-,TCOpm16-140_OK--DVD-5--VTS_01_2.VOB FRAME 32757.jpg,Confuso,-,-
-,-,TCOpm16-140_OK--DVD-5--VTS_01_2.VOB FRAME 40999.jpg,Confuso,-,-
-,-,TCOpm16-140_OK--DVD-5--VTS_01_2.VOB FRAME 46004.jpg,Confuso,-,-
-,-,TCOpm16-140_OK--DVD-5--VTS_01_2.VOB FRAME 54875.jpg,Confuso,-,-
-,-,TCOpm16-140_OK--DVD-5--VTS_01_2.VOB FRAME 6114.jpg,Confuso,-,-
-,-,TCOpm16-140_OK--DVD-5--VTS_01_2.VOB FRAME 63477.jpg,Duto,Evento,Enterramento
-,-,TCOpm16-140_OK--DVD-5--VTS_01_2.VOB FRAME 65574.jpg,Duto,Evento,Sucata
-,-,TCOpm16-140_OK--DVD-5--VTS_01_2.VOB FRAME 66713.jpg,Duto,Evento,Sucata
-,-,TCOpm16-140_OK--DVD-5--VTS_01_2.VOB FRAME 66983.jpg,Duto,Evento,Sucata
-,-,TCOpm16-140_OK--DVD-5--VTS_01_2.VOB FRAME 67043.jpg,Duto,Evento,Sucata
-,-,TCOpm16-140_OK--DVD-5--VTS_01_2.VOB FRAME 67522.jpg,Duto,Evento,Sucata
-,-,TCOpm16-140_OK--DVD-5--VTS_01_2.VOB FRAME 75135.jpg,Duto,Evento,Sucata
-,-,TCOpm16-140_OK--DVD-5--VTS_01_2.VOB FRAME 78252.jpg,Duto,Evento,Enterramento
-,-,TCOpm16-140_OK--DVD-5--VTS_01_2.VOB FRAME 95485.jpg,Duto,Evento,Dano
-,-,TCOpm16-140_OK--DVD-5--VTS_01_2.VOB FRAME 96384.jpg,Duto,Evento,Sucata
-,-,TCOpm16-140_OK--DVD-5--VTS_01_3.VOB FRAME 20350.jpg,Duto,Evento,Sucata
-,-,TCOpm16-140_OK--DVD-5--VTS_01_3.VOB FRAME 2637.jpg,Duto,Duvida,-
-,-,TCOpm16-140_OK--DVD-5--VTS_01_3.VOB FRAME 59101.jpg,Duto,Evento,Dano
-,-,TCOpm16-140_OK--DVD-5--VTS_01_3.VOB FRAME 66114.jpg,Duto,Evento,Reparo
-,-,TCOpm16-140_OK--DVD-5--VTS_01_3.VOB FRAME 79001.jpg,Duto,Evento,Sucata
-,-,TCOpm16-140_OK--DVD-5--VTS_01_3.VOB FRAME 93027.jpg,Duto,Evento,Sucata
-,-,TCOpm16-140_OK--DVD-5--VTS_01_4.VOB FRAME 111518.jpg,Duto,Evento,Sucata
-,-,TCOpm16-140_OK--DVD-5--VTS_01_4.VOB FRAME 120180.jpg,Duto,Evento,Sucata
-,-,TCOpm16-140_OK--DVD-5--VTS_01_4.VOB FRAME 123596.jpg,Duto,Evento,Sucata
-,-,TCOpm16-140_OK--DVD-5--VTS_01_4.VOB FRAME 26164.jpg,Duto,Evento,Sucata
-,-,TCOpm16-140_OK--DVD-5--VTS_01_4.VOB FRAME 26254.jpg,Duto,Evento,Sucata
-,-,TCOpm16-140_OK--DVD-5--VTS_01_4.VOB FRAME 33656.jpg,Duto,Evento,Cruzamento
-,-,TCOpm16-140_OK--DVD-5--VTS_01_4.VOB FRAME 46873.jpg,Duto,Evento,Cruzamento
-,-,TCOpm16-140_OK--DVD-5--VTS_01_4.VOB FRAME 65694.jpg,Duto,Evento,Sucata
-,-,TCOpm16-140_OK--DVD-5--VTS_01_4.VOB FRAME 86494.jpg,Duto,Evento,Sucata
-,-,TCOpm16-140_OK--DVD-5--VTS_01_4.VOB FRAME 89071.jpg,Duto,Evento,Sucata
-,-,TCOpm16-140_OK--DVD-5--VTS_01_5.VOB FRAME 12707.jpg,Duto,Evento,Sucata
-,-,TCOpm16-140_OK--DVD-5--VTS_01_5.VOB FRAME 21518.jpg,Duto,Evento,Enterramento
-,-,TCOpm16-140_OK--DVD-5--VTS_01_5.VOB FRAME 32727.jpg,Duto,Evento,Enterramento
-,-,TCOpm16-140_OK--DVD-5--VTS_01_5.VOB FRAME 33536.jpg,Duto,Evento,Conector
-,-,TCOpm16-140_OK--DVD-5--VTS_01_5.VOB FRAME 4346.jpg,Duto,Evento,Enterramento
-,-,TCOpm16-140_OK--DVD-6--VTS_01_1.VOB FRAME 118142.jpg,Duto,Evento,Dano
-,-,TCOpm16-140_OK--DVD-6--VTS_01_1.VOB FRAME 119520.jpg,Duto,Evento,Dano
-,-,TCOpm16-140_OK--DVD-6--VTS_01_1.VOB FRAME 121469.jpg,Duto,Evento,Dano
-,-,TCOpm16-140_OK--DVD-6--VTS_01_1.VOB FRAME 123477.jpg,Duto,Evento,Dano
-,-,TCOpm16-140_OK--DVD-6--VTS_01_1.VOB FRAME 123896.jpg,Duto,Evento,Dano
-,-,TCOpm16-140_OK--DVD-6--VTS_01_1.VOB FRAME 129051.jpg,Duto,Evento,Dano
-,-,TCOpm16-140_OK--DVD-6--VTS_01_1.VOB FRAME 21429.jpg,Duto,Evento,Dano
-,-,TCOpm16-140_OK--DVD-6--VTS_01_1.VOB FRAME 27423.jpg,Duto,Evento,Dano
-,-,TCOpm16-140_OK--DVD-6--VTS_01_1.VOB FRAME 27483.jpg,Duto,Evento,Dano
-,-,TCOpm16-140_OK--DVD-6--VTS_01_1.VOB FRAME 32667.jpg,Duto,Evento,Dano
-,-,TCOpm16-140_OK--DVD-6--VTS_01_1.VOB FRAME 33536.jpg,Duto,Evento,Dano
-,-,TCOpm16-140_OK--DVD-6--VTS_01_1.VOB FRAME 33986.jpg,Duto,Evento,Dano
-,-,TCOpm16-140_OK--DVD-6--VTS_01_1.VOB FRAME 34885.jpg,Duto,Evento,Dano
-,-,TCOpm16-140_OK--DVD-6--VTS_01_1.VOB FRAME 35155.jpg,Duto,Evento,Dano
-,-,TCOpm16-140_OK--DVD-6--VTS_01_1.VOB FRAME 66234.jpg,Duto,Evento,Dano
-,-,TCOpm16-140_OK--DVD-6--VTS_01_1.VOB FRAME 67672.jpg,Duto,Evento,Dano
-,-,TCOpm16-140_OK--DVD-6--VTS_01_1.VOB FRAME 68721.jpg,Duto,Evento,Dano
-,-,TCOpm16-140_OK--DVD-6--VTS_01_1.VOB FRAME 89191.jpg,Duto,Evento,Dano
-,-,TCOpm16-140_OK--DVD-6--VTS_01_1.VOB FRAME 93716.jpg,Duto,Evento,Dano
-,-,TCOpm16-140_OK--DVD-6--VTS_01_1.VOB FRAME 99860.jpg,Duto,Evento,Dano
-,-,TCOpm16-140_OK--DVD-6--VTS_01_2.VOB FRAME 100759.jpg,Duto,Evento,Dano
-,-,TCOpm16-140_OK--DVD-6--VTS_01_2.VOB FRAME 1019.jpg,Duto,Evento,Dano
-,-,TCOpm16-140_OK--DVD-6--VTS_01_2.VOB FRAME 102707.jpg,Duto,Evento,Dano
-,-,TCOpm16-140_OK--DVD-6--VTS_01_2.VOB FRAME 10879.jpg,Duto,Evento,Dano
-,-,TCOpm16-140_OK--DVD-6--VTS_01_2.VOB FRAME 110470.jpg,Duto,Evento,Dano
-,-,TCOpm16-140_OK--DVD-6--VTS_01_2.VOB FRAME 110709.jpg,Duto,Evento,Dano
-,-,TCOpm16-140_OK--DVD-6--VTS_01_2.VOB FRAME 11389.jpg,Duto,Evento,Dano
-,-,TCOpm16-140_OK--DVD-6--VTS_01_2.VOB FRAME 119760.jpg,-,-,-
-,-,TCOpm16-140_OK--DVD-6--VTS_01_2.VOB FRAME 124256.jpg,Duto,Evento,Dano
-,-,TCOpm16-140_OK--DVD-6--VTS_01_2.VOB FRAME 124645.jpg,Duto,Evento,Dano
-,-,TCOpm16-140_OK--DVD-6--VTS_01_2.VOB FRAME 128991.jpg,-,-,-
-,-,TCOpm16-140_OK--DVD-6--VTS_01_2.VOB FRAME 134955.jpg,Duto,Evento,Dano
-,-,TCOpm16-140_OK--DVD-6--VTS_01_2.VOB FRAME 136843.jpg,Duto,Evento,Dano
-,-,TCOpm16-140_OK--DVD-6--VTS_01_2.VOB FRAME 16064.jpg,Duto,Evento,Dano
-,-,TCOpm16-140_OK--DVD-6--VTS_01_2.VOB FRAME 17113.jpg,Duto,Evento,Dano
-,-,TCOpm16-140_OK--DVD-6--VTS_01_2.VOB FRAME 20290.jpg,Duto,Evento,Dano
-,-,TCOpm16-140_OK--DVD-6--VTS_01_2.VOB FRAME 21129.jpg,Duto,Evento,Dano
-,-,TCOpm16-140_OK--DVD-6--VTS_01_2.VOB FRAME 22238.jpg,Duto,Evento,Dano
-,-,TCOpm16-140_OK--DVD-6--VTS_01_2.VOB FRAME 23017.jpg,Duto,Evento,Dano
-,-,TCOpm16-140_OK--DVD-6--VTS_01_2.VOB FRAME 23317.jpg,Duto,Evento,Dano
-,-,TCOpm16-140_OK--DVD-6--VTS_01_2.VOB FRAME 2757.jpg,Duto,Evento,Dano
-,-,TCOpm16-140_OK--DVD-6--VTS_01_2.VOB FRAME 31978.jpg,Duto,Evento,Dano
-,-,TCOpm16-140_OK--DVD-6--VTS_01_2.VOB FRAME 34106.jpg,Duto,Evento,Dano
-,-,TCOpm16-140_OK--DVD-6--VTS_01_2.VOB FRAME 37313.jpg,Duto,Evento,Dano
-,-,TCOpm16-140_OK--DVD-6--VTS_01_2.VOB FRAME 39980.jpg,Duto,Evento,Dano
-,-,TCOpm16-140_OK--DVD-6--VTS_01_2.VOB FRAME 40130.jpg,Duto,Evento,Dano
-,-,TCOpm16-140_OK--DVD-6--VTS_01_2.VOB FRAME 41419.jpg,Duto,Evento,Dano
-,-,TCOpm16-140_OK--DVD-6--VTS_01_2.VOB FRAME 42947.jpg,Duto,Evento,Dano
-,-,TCOpm16-140_OK--DVD-6--VTS_01_2.VOB FRAME 43337.jpg,-,-,-
-,-,TCOpm16-140_OK--DVD-6--VTS_01_2.VOB FRAME 5125.jpg,Duto,Evento,Dano
-,-,TCOpm16-140_OK--DVD-6--VTS_01_2.VOB FRAME 51698.jpg,Duto,Evento,Dano
-,-,TCOpm16-140_OK--DVD-6--VTS_01_2.VOB FRAME 55145.jpg,Duto,Evento,Dano
-,-,TCOpm16-140_OK--DVD-6--VTS_01_2.VOB FRAME 63776.jpg,Duto,Evento,Dano
-,-,TCOpm16-140_OK--DVD-6--VTS_01_2.VOB FRAME 69710.jpg,Duto,Evento,Dano
-,-,TCOpm16-140_OK--DVD-6--VTS_01_2.VOB FRAME 70040.jpg,Duto,Evento,Dano
-,-,TCOpm16-140_OK--DVD-6--VTS_01_2.VOB FRAME 73936.jpg,Duto,Evento,Dano
-,-,TCOpm16-140_OK--DVD-6--VTS_01_2.VOB FRAME 76484.jpg,Duto,Evento,Dano
-,-,TCOpm16-140_OK--DVD-6--VTS_01_2.VOB FRAME 80649.jpg,Duto,Evento,Dano
-,-,TCOpm16-140_OK--DVD-6--VTS_01_2.VOB FRAME 83347.jpg,Duto,Evento,Dano
-,-,TCOpm16-140_OK--DVD-6--VTS_01_3.VOB FRAME 4525.jpg,Duto,Evento,Dano
-,-,TCOpm16-140_OK--DVD-6--VTS_01_3.VOB FRAME 7343.jpg,Duto,Evento,Dano
-,-,TVILL16-054_OK--DVD-1--Dive 420 16-02-24 20.02.35_C1.wmv FRAME 13157.jpg,Duto,Evento,Flange
-,-,TVILL16-054_OK--DVD-1--Dive 420 16-02-24 20.02.35_C1.wmv FRAME 18282.jpg,Duto,Evento,Flange
-,-,TVILL16-054_OK--DVD-1--Dive 420 16-02-24 20.02.35_C1.wmv FRAME 18761.jpg,Duto,Evento,Flange
-,-,TVILL16-054_OK--DVD-1--Dive 420 16-02-24 20.02.35_C1.wmv FRAME 38092.jpg,Duto,Evento,Flange
-,-,TVILL16-054_OK--DVD-1--Dive 420 16-02-24 20.02.35_C1.wmv FRAME 38841.jpg,Duto,Evento,Flange
-,-,TVILL16-054_OK--DVD-1--Dive 420 16-02-24 20.32.35_C1.wmv FRAME 12468.jpg,Duto,Evento,Flange
-,-,TVILL16-054_OK--DVD-1--Dive 420 16-02-24 20.32.35_C1.wmv FRAME 12827.jpg,Duto,Evento,Flange
-,-,TVILL16-054_OK--DVD-1--Dive 420 16-02-24 20.32.35_C1.wmv FRAME 13576.jpg,Duto,Evento,Flange
-,-,TVILL16-054_OK--DVD-1--Dive 420 16-02-24 20.32.35_C1.wmv FRAME 36444.jpg,Duto,Evento,Anodo
-,-,TVILL16-054_OK--DVD-1--Dive 420 16-02-24 20.32.35_C1.wmv FRAME 4166.jpg,Duto,Evento,Flange
-,-,TVILL16-054_OK--DVD-1--Dive 420 16-02-24 20.32.35_C1.wmv FRAME 42527.jpg,Duto,Evento,Anodo
-,-,TVILL16-054_OK--DVD-1--Dive 420 16-02-24 20.32.35_C1.wmv FRAME 42737.jpg,Duto,Evento,Anodo
-,-,TVILL16-054_OK--DVD-1--Dive 420 16-02-24 20.32.35_C1.wmv FRAME 43756.jpg,Duto,Evento,Anodo
-,-,TVILL16-054_OK--DVD-1--Dive 420 16-02-24 20.32.35_C1.wmv FRAME 45614.jpg,Duto,Nao_Evento,-
-,-,TVILL16-054_OK--DVD-1--Dive 420 16-02-24 21.02.35_C1.wmv FRAME 31169.jpg,Duto,Evento,Enterramento
-,-,TVILL16-054_OK--DVD-1--Dive 420 16-02-24 21.02.35_C1.wmv FRAME 40639.jpg,Duto,Evento,Enterramento
-,-,TVILL16-054_OK--DVD-1--Dive 420 16-02-24 21.02.35_C1.wmv FRAME 47443.jpg,Duto,Nao_Evento,-
-,-,TVILL16-054_OK--DVD-1--Dive 420 16-02-24 22.32.35_C1.wmv FRAME 45285.jpg,Duto,Evento,Anodo
-,-,TVILL16-054_OK--DVD-1--Dive 420 16-02-24 22.32.35_C1.wmv FRAME 48611.jpg,Duto,Evento,Anodo
-,-,TVILL16-054_OK--DVD-1--Dive 420 16-02-24 22.32.35_C1.wmv FRAME 49301.jpg,Duto,Evento,Anodo
-,-,TVILL16-054_OK--DVD-1--Dive 420 16-02-24 22.32.35_C1.wmv FRAME 50050.jpg,Duto,Evento,Anodo
-,-,TVILL16-054_OK--DVD-1--Dive 420 16-02-24 22.32.35_C1.wmv FRAME 50320.jpg,Duto,Evento,Anodo
-,-,TVILL16-054_OK--DVD-1--Dive 420 16-02-24 22.32.35_C1.wmv FRAME 50769.jpg,Duto,Evento,Anodo
-,-,TVILL16-054_OK--DVD-1--Dive 420 16-02-24 22.32.35_C1.wmv FRAME 50829.jpg,Duto,Evento,Anodo
-,-,TVILL16-054_OK--DVD-1--Dive 420 16-02-24 23.02.35_C1.wmv FRAME 10100.jpg,Duto,Evento,Anodo
-,-,TVILL16-054_OK--DVD-1--Dive 420 16-02-24 23.02.35_C1.wmv FRAME 12917.jpg,Duto,Evento,Anodo
-,-,TVILL16-054_OK--DVD-1--Dive 420 16-02-24 23.02.35_C1.wmv FRAME 15255.jpg,Duto,Evento,Anodo
-,-,TVILL16-054_OK--DVD-1--Dive 420 16-02-24 23.02.35_C1.wmv FRAME 15674.jpg,Duto,Evento,Anodo
-,-,TVILL16-054_OK--DVD-1--Dive 420 16-02-24 23.02.35_C1.wmv FRAME 21788.jpg,Duto,Evento,Anodo
-,-,TVILL16-054_OK--DVD-1--Dive 420 16-02-24 23.02.35_C1.wmv FRAME 22238.jpg,Duto,Evento,Anodo
-,-,TVILL16-054_OK--DVD-1--Dive 420 16-02-24 23.02.35_C1.wmv FRAME 240.jpg,Duto,Evento,Anodo
-,-,TVILL16-054_OK--DVD-1--Dive 420 16-02-24 23.02.35_C1.wmv FRAME 24635.jpg,Duto,Evento,Anodo
-,-,TVILL16-054_OK--DVD-1--Dive 420 16-02-24 23.02.35_C1.wmv FRAME 29341.jpg,Duto,Evento,Anodo
-,-,TVILL16-054_OK--DVD-1--Dive 420 16-02-24 23.02.35_C1.wmv FRAME 43127.jpg,Duto,Evento,Anodo
-,-,TVILL16-054_OK--DVD-1--Dive 420 16-02-24 23.02.35_C1.wmv FRAME 45674.jpg,Duto,Evento,Anodo
-,-,TVILL16-054_OK--DVD-1--Dive 420 16-02-24 23.02.35_C1.wmv FRAME 48641.jpg,Duto,Evento,Anodo
-,-,TVILL16-054_OK--DVD-1--Dive 420 16-02-24 23.02.35_C1.wmv FRAME 50200.jpg,Duto,Evento,Anodo
-,-,TVILL16-054_OK--DVD-1--Dive 420 16-02-24 23.02.35_C1.wmv FRAME 50500.jpg,Duto,Evento,Anodo
-,-,TVILL16-054_OK--DVD-1--Dive 420 16-02-24 23.02.35_C1.wmv FRAME 9471.jpg,Duto,Evento,Anodo
-,-,TVILL16-054_OK--DVD-1--Dive 420 16-02-24 23.02.35_C1.wmv FRAME 9530.jpg,Duto,Evento,Anodo
-,-,TVILL16-054_OK--DVD-1--Dive 420 16-02-24 23.32.35_C1.wmv FRAME 13157.jpg,Duto,Evento,Flutuadores
-,-,TVILL16-054_OK--DVD-1--Dive 420 16-02-24 23.32.35_C1.wmv FRAME 13936.jpg,Duto,Evento,Flutuadores
-,-,TVILL16-054_OK--DVD-1--Dive 420 16-02-24 23.32.35_C1.wmv FRAME 16094.jpg,Duto,Evento,Flutuadores
-,-,TVILL16-054_OK--DVD-1--Dive 420 16-02-24 23.32.35_C1.wmv FRAME 17802.jpg,Duto,Evento,Flutuadores
-,-,TVILL16-054_OK--DVD-1--Dive 420 16-02-24 23.32.35_C1.wmv FRAME 3237.jpg,Duto,Evento,Anodo
-,-,TVILL16-054_OK--DVD-1--Dive 420 16-02-24 23.32.35_C1.wmv FRAME 37223.jpg,Duto,Evento,Flutuadores
-,-,TVILL16-054_OK--DVD-1--Dive 420 16-02-24 23.32.35_C1.wmv FRAME 40759.jpg,Duto,Evento,Flutuadores
-,-,TVILL16-054_OK--DVD-1--Dive 420 16-02-24 23.32.35_C1.wmv FRAME 42947.jpg,Duto,Evento,Flutuadores
-,-,TVILL16-054_OK--DVD-1--Dive 420 16-02-24 23.32.35_C1.wmv FRAME 45045.jpg,Duto,Evento,Flutuadores
-,-,TVILL16-054_OK--DVD-1--Dive 420 16-02-24 23.32.35_C1.wmv FRAME 46753.jpg,Duto,Evento,Flutuadores
-,-,TVILL16-054_OK--DVD-2--Dive 420 16-02-25 00.02.35_C1.wmv FRAME 14655.jpg,Duto,Evento,Flutuadores
-,-,TVILL16-054_OK--DVD-2--Dive 420 16-02-25 00.02.35_C1.wmv FRAME 15914.jpg,Duto,Evento,Flutuadores
-,-,TVILL16-054_OK--DVD-2--Dive 420 16-02-25 00.02.35_C1.wmv FRAME 26404.jpg,Duto,Evento,Flutuadores
-,-,TVILL16-054_OK--DVD-2--Dive 420 16-02-25 00.02.35_C1.wmv FRAME 31588.jpg,Duto,Evento,Flutuadores
-,-,TVILL16-054_OK--DVD-2--Dive 420 16-02-25 00.02.35_C1.wmv FRAME 40609.jpg,Duto,Evento,Flutuadores
-,-,TVILL16-054_OK--DVD-2--Dive 420 16-02-25 00.02.35_C1.wmv FRAME 53586.jpg,Duto,Evento,Flutuadores
-,-,TVILL16-054_OK--DVD-2--Dive 420 16-02-25 00.02.35_C1.wmv FRAME 5784.jpg,Duto,Evento,Flutuadores
-,-,TVILL16-054_OK--DVD-2--Dive 420 16-02-25 00.02.35_C1.wmv FRAME 9680.jpg,Duto,Evento,Flutuadores
-,-,TVILL16-054_OK--DVD-2--Dive 420 16-02-25 00.32.35_C1.wmv FRAME 11748.jpg,Duto,Evento,Flutuadores
-,-,TVILL16-054_OK--DVD-2--Dive 420 16-02-25 00.32.35_C1.wmv FRAME 180.jpg,Duto,Evento,Flutuadores
-,-,TVILL16-054_OK--DVD-2--Dive 420 16-02-25 00.32.35_C1.wmv FRAME 569.jpg,Duto,Evento,Flutuadores
-,-,TVILL16-054_OK--DVD-2--Dive 420 16-02-25 00.32.35_C1.wmv FRAME 6713.jpg,Duto,Evento,Flutuadores
-,-,TVILL16-054_OK--DVD-2--Dive 420 16-02-25 01.32.35_C1.wmv FRAME 10340.jpg,Duto,Evento,Flange
-,-,TVILL16-054_OK--DVD-2--Dive 420 16-02-25 01.32.35_C1.wmv FRAME 10460.jpg,Duto,Evento,Flange
-,-,TVILL16-054_OK--DVD-2--Dive 420 16-02-25 01.32.35_C1.wmv FRAME 2248.jpg,Duto,Evento,Reparo
-,-,TVILL16-054_OK--DVD-2--Dive 420 16-02-25 01.32.35_C1.wmv FRAME 5994.jpg,Duto,Evento,Flange
-,-,TVILL16-054_OK--DVD-2--Dive 420 16-02-25 01.32.35_C1.wmv FRAME 7133.jpg,Duto,Evento,Flange
-,-,TVILL16-054_OK--DVD-2--Dive 420 16-02-25 01.32.35_C1.wmv FRAME 8182.jpg,Duto,Evento,Flange
-,-,TVILL16-054_OK--DVD-2--Dive 420 16-02-25 01.32.35_C1.wmv FRAME 9560.jpg,Duto,Evento,Flange
-,-,TVILL16-054_OK--DVD-2--Dive 420 16-02-25 02.02.35_C1.wmv FRAME 50410.jpg,Duto,Evento,Anodo
-,-,TVILL16-054_OK--DVD-2--Dive 420 16-02-25 02.02.35_C1.wmv FRAME 51249.jpg,Duto,Evento,Flange
-,-,TVILL16-054_OK--DVD-2--Dive 420 16-02-25 02.02.35_C1.wmv FRAME 52208.jpg,Duto,Evento,Flange
